Id_detalle,Id_orden,Id_producto,Cantidad,Precio_unitario,Subtotal
1,1,9,1,1706172,1706172
2,1,3,2,1699382,3398764
3,1,18,1,2019717,2019717
4,1,13,1,1254343,1254343
5,2,15,3,408534,1225602
6,2,9,1,2949565,2949565
7,2,8,1,509482,509482
8,2,20,3,1591965,4775895
9,3,14,2,2341868,4683736
10,3,19,2,2396110,4792220
11,3,8,3,2141557,6424671
12,3,18,3,1138354,3415062
13,3,2,2,1403476,2806952
14,4,13,3,295661,886983
15,5,19,2,875106,1750212
16,5,17,1,1038731,1038731
17,5,21,1,679262,679262
18,5,5,1,1925763,1925763
19,5,4,1,1976171,1976171
20,6,21,3,1231653,3694959
21,6,5,2,431068,862136
22,7,13,3,1816627,5449881
23,8,11,3,2763294,8289882
24,8,9,3,2341783,7025349
25,8,17,2,621938,1243876
26,8,15,2,777645,1555290
27,8,1,1,2526467,2526467
28,9,19,3,1592291,4776873
29,9,4,2,1257869,2515738
30,9,20,2,2896378,5792756
31,9,21,2,2549239,5098478
32,9,10,3,2134101,6402303
33,10,6,2,1840195,3680390
34,11,20,3,1834935,5504805
35,11,21,1,1810075,1810075
36,12,8,2,1712129,3424258
37,12,2,1,1567113,1567113
38,12,16,2,1454215,2908430
39,13,16,1,1410306,1410306
40,13,4,3,2008540,6025620
41,13,8,2,1280029,2560058
42,14,20,1,1857796,1857796
43,14,3,3,2181973,6545919
44,14,7,3,1718293,5154879
45,14,15,1,2311197,2311197
46,15,3,3,2275653,6826959
47,15,10,2,718956,1437912
48,16,19,1,1196438,1196438
49,16,1,1,2064484,2064484
50,16,6,1,1661522,1661522
51,16,7,3,985126,2955378
52,16,18,2,1694979,3389958
53,17,17,1,1712238,1712238
54,17,13,2,2641599,5283198
55,17,4,2,894839,1789678
56,17,1,2,2611554,5223108
57,18,12,2,265135,530270
58,18,21,2,358251,716502
59,18,6,1,2550224,2550224
60,18,9,1,1078413,1078413
61,18,3,3,1094188,3282564
62,19,9,3,234105,702315
63,19,14,3,187320,561960
64,20,5,2,2701579,5403158
65,20,6,2,2845848,5691696
66,20,1,2,1927574,3855148
67,20,8,2,1612592,3225184
68,21,9,3,2333713,7001139
69,21,7,3,1815778,5447334
70,21,15,3,579128,1737384
71,21,10,1,2295444,2295444
72,22,18,2,603423,1206846
73,22,20,2,417752,835504
74,22,10,2,1309654,2619308
75,23,9,1,778849,778849
76,23,21,3,1157899,3473697
77,23,10,1,2666722,2666722
78,24,11,2,1238112,2476224
79,24,5,2,1847010,3694020
80,24,1,2,298138,596276
81,24,16,3,2549319,7647957
82,25,11,3,2392422,7177266
83,25,8,3,2145378,6436134
84,26,17,3,2491462,7474386
85,26,10,1,1382219,1382219
86,26,6,1,2124598,2124598
87,27,9,1,1557744,1557744
88,27,18,3,524550,1573650
89,28,12,3,1438008,4314024
90,28,8,2,1539644,3079288
91,29,9,2,644011,1288022
92,29,19,2,375137,750274
93,29,10,3,2597689,7793067
94,30,20,1,1750836,1750836
95,30,3,3,1401394,4204182
96,30,16,2,376752,753504
97,30,7,1,726151,726151
98,30,17,1,1587261,1587261
99,31,19,3,906471,2719413
100,31,15,1,2195062,2195062
101,31,5,2,2796743,5593486
102,31,11,1,1464553,1464553
103,32,1,2,1297259,2594518
104,33,6,1,2203435,2203435
105,33,19,1,692767,692767
106,34,14,2,169583,339166
107,34,21,1,2388846,2388846
108,34,13,1,1714900,1714900
109,34,20,1,1501459,1501459
110,34,16,3,949336,2848008
111,35,1,3,1193639,3580917
112,36,12,1,580789,580789
113,36,10,2,2261146,4522292
114,37,10,2,2062293,4124586
115,37,6,3,2332247,6996741
116,37,3,3,2348308,7044924
117,37,2,2,1968923,3937846
118,37,21,3,711153,2133459
119,38,16,1,1841947,1841947
120,38,12,1,1108055,1108055
121,38,7,1,700316,700316
122,39,1,3,858773,2576319
123,39,19,1,1687595,1687595
124,40,13,3,1222857,3668571
125,41,20,1,635657,635657
126,41,2,2,2013589,4027178
127,41,21,2,668395,1336790
128,41,4,3,1210061,3630183
129,41,1,2,792261,1584522
130,42,21,2,1915262,3830524
131,42,1,3,573540,1720620
132,43,9,3,2740813,8222439
133,43,20,1,1335758,1335758
134,43,5,1,595702,595702
135,43,14,2,983184,1966368
136,43,4,3,987809,2963427
137,44,17,3,1868642,5605926
138,44,7,2,822655,1645310
139,44,12,1,2449060,2449060
140,45,7,1,203474,203474
141,45,16,3,523304,1569912
142,45,11,1,2558171,2558171
143,45,8,3,2222422,6667266
144,46,3,1,574843,574843
145,46,17,2,2852544,5705088
146,47,15,2,2097320,4194640
147,47,10,1,568628,568628
148,48,2,2,2988564,5977128
149,48,10,2,1936753,3873506
150,49,4,1,190568,190568
151,50,21,2,1649578,3299156
152,50,6,2,2758047,5516094
153,51,3,1,627446,627446
154,51,12,2,1828771,3657542
155,51,11,2,1290150,2580300
156,52,16,1,395980,395980
157,52,14,1,585004,585004
158,52,6,2,2627786,5255572
159,52,4,2,2536321,5072642
160,53,6,3,270864,812592
161,53,20,3,698008,2094024
162,53,13,2,2197335,4394670
163,53,12,1,1875051,1875051
164,54,2,1,2993439,2993439
165,54,3,3,2568641,7705923
166,54,9,3,2519833,7559499
167,54,11,1,2959530,2959530
168,55,17,2,2925426,5850852
169,55,21,3,1192607,3577821
170,55,4,2,1600178,3200356
171,56,5,3,808201,2424603
172,56,18,3,2118340,6355020
173,56,2,2,843754,1687508
174,56,1,1,2212121,2212121
175,57,8,1,2276215,2276215
176,57,11,1,2458945,2458945
177,57,9,3,1738121,5214363
178,58,8,3,2029461,6088383
179,58,3,1,2240676,2240676
180,58,15,2,1475658,2951316
181,58,19,1,2236135,2236135
182,59,4,2,1879473,3758946
183,60,18,3,150711,452133
184,61,20,3,2824028,8472084
185,62,17,3,2966367,8899101
186,62,18,2,1579646,3159292
187,62,7,2,377646,755292
188,63,15,3,2749453,8248359
189,63,11,3,2134466,6403398
190,64,15,3,1080074,3240222
191,64,4,1,1581755,1581755
192,64,20,2,2807767,5615534
193,65,18,3,595947,1787841
194,65,17,1,838517,838517
195,65,12,2,739086,1478172
196,66,4,1,1797927,1797927
197,66,9,1,2066989,2066989
198,66,7,1,1567396,1567396
199,66,19,1,1888414,1888414
200,67,21,3,2619652,7858956
201,68,15,2,2911767,5823534
202,69,17,3,353724,1061172
203,69,5,3,1965338,5896014
204,69,16,3,2175563,6526689
205,69,1,3,893240,2679720
206,69,21,3,2576632,7729896
207,70,5,2,2907846,5815692
208,70,4,3,2692422,8077266
209,71,17,3,1191188,3573564
210,71,13,2,1818787,3637574
211,71,14,2,1383853,2767706
212,72,5,2,2447664,4895328
213,72,21,2,2471889,4943778
214,72,14,3,1061600,3184800
215,72,17,1,1029598,1029598
216,73,10,3,2821257,8463771
217,73,12,2,634044,1268088
218,73,5,2,2508374,5016748
219,73,6,2,2594466,5188932
220,73,17,3,2948260,8844780
221,74,18,3,596569,1789707
222,74,10,1,1747485,1747485
223,74,14,1,372570,372570
224,74,1,3,387417,1162251
225,75,9,2,1200929,2401858
226,75,6,1,410184,410184
227,76,7,2,2048318,4096636
228,76,18,1,2734147,2734147
229,76,2,3,2506716,7520148
230,77,21,2,1146547,2293094
231,77,18,3,1356443,4069329
232,78,13,2,1897205,3794410
233,79,18,3,1204201,3612603
234,79,2,1,2752824,2752824
235,79,1,2,1096018,2192036
236,80,19,3,961588,2884764
237,80,18,2,2032466,4064932
238,80,7,1,462345,462345
239,81,6,1,1732084,1732084
240,81,17,1,1947292,1947292
241,82,18,1,2599415,2599415
242,82,9,2,173677,347354
243,82,5,2,2105935,4211870
244,83,2,2,2653497,5306994
245,83,5,1,2772977,2772977
246,84,10,1,1483197,1483197
247,84,16,3,1072587,3217761
248,84,19,1,2333581,2333581
249,84,18,1,2268712,2268712
250,84,12,1,1894542,1894542
251,85,18,1,2932226,2932226
252,85,13,2,1538593,3077186
253,85,3,2,1381340,2762680
254,85,12,1,2743256,2743256
255,85,8,3,2141695,6425085
256,86,21,1,2843851,2843851
257,86,1,3,2755215,8265645
258,86,4,1,317257,317257
259,86,12,3,1496107,4488321
260,86,15,2,625525,1251050
261,87,9,3,1722688,5168064
262,87,18,3,2283791,6851373
263,87,10,2,2191806,4383612
264,87,1,1,1393334,1393334
265,88,11,1,552470,552470
266,88,17,1,2406429,2406429
267,89,1,1,1012263,1012263
268,89,3,3,1975519,5926557
269,89,7,3,452495,1357485
270,89,19,3,794893,2384679
271,89,14,1,2076130,2076130
272,90,2,1,896553,896553
273,90,3,2,2490774,4981548
274,90,20,1,2561566,2561566
275,91,9,2,2042158,4084316
276,91,14,3,1846377,5539131
277,92,11,3,174741,524223
278,92,1,3,2743545,8230635
279,92,13,1,2606218,2606218
280,92,4,1,454462,454462
281,93,17,3,1413956,4241868
282,93,4,3,512829,1538487
283,93,10,2,1985746,3971492
284,94,13,3,1072183,3216549
285,94,1,1,1789941,1789941
286,94,16,3,1387229,4161687
287,94,6,3,754296,2262888
288,95,21,3,2478131,7434393
289,95,12,1,666885,666885
290,95,1,1,171096,171096
291,96,20,2,1031025,2062050
292,96,13,3,1592218,4776654
293,96,18,1,1880798,1880798
294,96,19,3,2299801,6899403
295,96,3,1,825091,825091
296,97,8,2,965063,1930126
297,97,20,1,910670,910670
298,98,2,2,2967252,5934504
299,98,18,1,1201460,1201460
300,98,15,1,978029,978029
301,98,20,3,2585194,7755582
302,98,3,2,1537689,3075378
303,99,5,2,2748437,5496874
304,99,8,1,961591,961591
305,99,4,2,2187849,4375698
306,100,11,3,2527591,7582773
307,100,20,2,1476797,2953594
308,100,10,2,857325,1714650
309,100,5,1,1463718,1463718
310,101,8,2,1657793,3315586
311,101,14,1,1540675,1540675
312,102,15,2,2463879,4927758
313,102,21,1,887233,887233
314,102,12,3,2694380,8083140
315,102,10,1,1326988,1326988
316,103,18,2,2778230,5556460
317,103,7,1,466250,466250
318,104,17,3,280838,842514
319,105,19,3,1243104,3729312
320,105,13,3,2413569,7240707
321,105,21,2,2892689,5785378
322,105,7,1,1684354,1684354
323,105,2,2,1086615,2173230
324,106,10,1,1814237,1814237
325,106,5,2,2256242,4512484
326,106,15,1,2929475,2929475
327,106,17,1,2725453,2725453
328,106,18,3,845598,2536794
329,107,5,3,2177960,6533880
330,107,15,2,319533,639066
331,107,6,1,2195319,2195319
332,107,19,1,413658,413658
333,107,21,2,1699523,3399046
334,108,2,3,1665198,4995594
335,108,7,2,2119956,4239912
336,109,2,3,2336796,7010388
337,109,21,3,1297122,3891366
338,109,11,3,1254427,3763281
339,109,4,3,2433169,7299507
340,110,6,3,1205229,3615687
341,110,13,2,1084907,2169814
342,110,20,3,1852225,5556675
343,110,12,2,1597170,3194340
344,110,3,2,2172116,4344232
345,111,1,1,473331,473331
346,111,17,3,2848938,8546814
347,111,5,2,1037167,2074334
348,111,15,1,933939,933939
349,111,6,1,1669273,1669273
350,112,4,2,2982117,5964234
351,112,8,2,2159160,4318320
352,112,14,1,2627956,2627956
353,112,11,1,2864801,2864801
354,112,21,2,244145,488290
355,113,2,3,2634486,7903458
356,113,5,1,715073,715073
357,114,2,2,905132,1810264
358,114,19,3,1850607,5551821
359,114,5,3,2513929,7541787
360,114,21,3,228098,684294
361,114,6,3,2925559,8776677
362,115,3,3,2127251,6381753
363,115,7,2,865408,1730816
364,115,15,1,1872881,1872881
365,116,5,1,1587267,1587267
366,116,19,2,2652042,5304084
367,116,6,3,438748,1316244
368,116,17,1,1736333,1736333
369,116,9,2,704542,1409084
370,117,1,1,2342410,2342410
371,118,14,3,2665801,7997403
372,118,5,1,2378978,2378978
373,118,4,3,642899,1928697
374,118,6,1,2172665,2172665
375,118,16,3,696638,2089914
376,119,18,2,332193,664386
377,119,1,3,2372211,7116633
378,119,14,2,1112535,2225070
379,119,17,2,1749021,3498042
380,119,19,2,2620646,5241292
381,120,4,1,501556,501556
382,120,14,2,2659419,5318838
383,120,5,3,1863988,5591964
384,120,9,2,942811,1885622
385,120,16,1,179838,179838
386,121,17,3,1011588,3034764
387,121,4,3,1474987,4424961
388,121,21,2,1669469,3338938
389,121,1,1,799188,799188
390,121,13,2,2882907,5765814
391,122,9,3,1305784,3917352
392,122,21,3,1817043,5451129
393,122,18,1,1883204,1883204
394,122,14,3,2488587,7465761
395,122,12,2,899604,1799208
396,123,18,2,1436196,2872392
397,123,21,3,1594335,4783005
398,123,16,3,1819877,5459631
399,124,4,2,828617,1657234
400,124,8,1,1049502,1049502
401,125,13,2,2817059,5634118
402,125,11,1,532053,532053
403,125,18,1,2128321,2128321
404,125,2,3,1976105,5928315
405,125,6,1,418772,418772
406,126,8,3,308357,925071
407,126,12,3,1761980,5285940
408,126,3,2,2725158,5450316
409,127,10,2,194922,389844
410,127,20,1,2905172,2905172
411,127,2,3,1349598,4048794
412,127,6,1,290967,290967
413,127,16,3,2291392,6874176
414,128,8,1,2897349,2897349
415,128,20,1,810371,810371
416,128,6,1,1307363,1307363
417,128,2,2,1631124,3262248
418,128,12,3,1807350,5422050
419,129,19,3,437801,1313403
420,129,7,1,2455158,2455158
421,129,17,2,2495093,4990186
422,129,1,3,1610017,4830051
423,130,9,2,1844316,3688632
424,130,8,3,169509,508527
425,130,7,2,884149,1768298
426,131,17,3,1384181,4152543
427,131,4,2,640771,1281542
428,131,18,3,1230844,3692532
429,131,3,3,2561279,7683837
430,132,15,2,1170361,2340722
431,132,13,2,2074549,4149098
432,132,19,3,2082401,6247203
433,133,1,2,2807770,5615540
434,133,16,1,2989178,2989178
435,133,4,3,1114396,3343188
436,133,9,2,1879839,3759678
437,133,3,2,2316375,4632750
438,134,1,2,2975693,5951386
439,134,9,3,1584422,4753266
440,134,8,1,2475957,2475957
441,134,10,1,2148818,2148818
442,134,3,2,1632845,3265690
443,135,19,1,947620,947620
444,135,9,2,987462,1974924
445,136,8,1,1111366,1111366
446,136,9,1,1197298,1197298
447,137,12,3,2932602,8797806
448,137,5,2,2724576,5449152
449,137,4,1,2421106,2421106
450,137,19,1,2172879,2172879
451,137,3,2,2753268,5506536
452,138,16,2,917020,1834040
453,138,19,3,1325523,3976569
454,138,9,2,1081524,2163048
455,139,5,3,286577,859731
456,139,2,3,1606635,4819905
457,139,17,2,883165,1766330
458,139,14,2,654860,1309720
459,139,16,3,2323509,6970527
460,140,11,2,2586925,5173850
461,140,1,1,1514978,1514978
462,140,20,2,2720177,5440354
463,140,7,2,934974,1869948
464,141,9,2,921389,1842778
465,141,8,2,1928145,3856290
466,141,21,1,1907803,1907803
467,141,16,3,1711579,5134737
468,141,11,2,1830207,3660414
469,142,15,1,2565469,2565469
470,142,6,3,1108678,3326034
471,142,19,1,1282248,1282248
472,143,18,2,972348,1944696
473,143,14,1,777250,777250
474,144,1,1,2795146,2795146
475,144,6,3,2389685,7169055
476,144,14,3,1474256,4422768
477,144,16,2,1408434,2816868
478,145,18,2,565130,1130260
479,145,19,3,835105,2505315
480,145,2,1,1053735,1053735
481,146,16,3,1553651,4660953
482,146,4,2,1663984,3327968
483,146,15,2,2500278,5000556
484,147,9,2,2689969,5379938
485,147,12,1,2569500,2569500
486,147,1,3,2875733,8627199
487,147,14,3,2408373,7225119
488,147,4,1,1343735,1343735
489,148,11,3,2024560,6073680
490,148,17,1,1748327,1748327
491,148,16,3,1351766,4055298
492,149,21,2,2797752,5595504
493,149,5,3,2547621,7642863
494,149,6,2,449238,898476
495,149,11,1,829475,829475
496,150,8,3,1372037,4116111
497,150,11,3,1271860,3815580
498,150,20,3,2853834,8561502
499,151,9,2,1886395,3772790
500,151,15,1,921274,921274
501,151,12,1,674455,674455
502,151,17,3,1134097,3402291
503,152,3,2,582052,1164104
504,152,7,1,417564,417564
505,152,6,2,2450297,4900594
506,153,1,2,2347743,4695486
507,154,4,2,2742508,5485016
508,155,3,2,1111988,2223976
509,155,13,1,1341917,1341917
510,156,21,1,269836,269836
511,156,5,1,2933126,2933126
512,156,20,2,1513993,3027986
513,156,17,2,2109551,4219102
514,157,9,3,2656449,7969347
515,157,18,2,2796805,5593610
516,157,15,3,2816952,8450856
517,157,5,3,1974427,5923281
518,157,6,3,2833459,8500377
519,158,10,1,2003296,2003296
520,158,12,2,1684206,3368412
521,158,16,2,1239709,2479418
522,158,18,1,1423277,1423277
523,158,8,1,150387,150387
524,159,5,3,2213310,6639930
525,159,12,2,1406657,2813314
526,159,10,1,1955376,1955376
527,159,16,2,2654015,5308030
528,159,1,1,180274,180274
529,160,12,2,1198140,2396280
530,160,7,1,2859481,2859481
531,160,14,2,1736948,3473896
532,160,18,1,1253019,1253019
533,160,19,1,1921000,1921000
534,161,17,3,1290284,3870852
535,161,20,2,2869825,5739650
536,162,9,1,1364650,1364650
537,162,14,1,2821321,2821321
538,162,7,2,2740944,5481888
539,162,3,2,1291413,2582826
540,162,6,3,2762018,8286054
541,163,7,1,2393829,2393829
542,163,11,1,929878,929878
543,163,1,1,1333274,1333274
544,163,5,2,674452,1348904
545,164,1,1,2220222,2220222
546,164,8,1,1584086,1584086
547,164,3,2,1456847,2913694
548,164,5,2,1707752,3415504
549,165,2,1,1267797,1267797
550,165,11,2,449409,898818
551,165,3,3,2121938,6365814
552,165,5,1,956112,956112
553,166,13,3,1194223,3582669
554,166,1,2,2007912,4015824
555,166,4,1,290552,290552
556,167,15,3,2943439,8830317
557,167,4,1,2133174,2133174
558,168,10,3,2455105,7365315
559,168,11,3,662298,1986894
560,168,6,2,2168423,4336846
561,168,2,3,1403312,4209936
562,169,12,3,1063470,3190410
563,169,2,1,1139712,1139712
564,170,11,3,651846,1955538
565,170,1,2,1169590,2339180
566,170,6,1,326132,326132
567,170,9,3,2143429,6430287
568,171,5,2,533365,1066730
569,171,12,3,2744784,8234352
570,171,3,2,2771995,5543990
571,171,8,1,400715,400715
572,171,6,2,2853543,5707086
573,172,18,1,2196161,2196161
574,172,4,1,1478501,1478501
575,173,21,3,1734477,5203431
576,173,12,2,715107,1430214
577,173,15,2,315626,631252
578,173,7,2,1985008,3970016
579,173,1,3,1386122,4158366
580,174,16,2,2114589,4229178
581,174,7,2,2661045,5322090
582,174,19,3,822529,2467587
583,174,6,1,2377751,2377751
584,174,12,1,2034853,2034853
585,175,9,2,153019,306038
586,175,18,3,2272140,6816420
587,175,12,2,928187,1856374
588,176,20,2,2751296,5502592
589,177,11,3,2410547,7231641
590,177,3,2,946370,1892740
591,178,16,2,2838145,5676290
592,178,18,2,613320,1226640
593,178,5,1,2344462,2344462
594,178,10,3,429675,1289025
595,178,11,1,694312,694312
596,179,2,1,2185790,2185790
597,179,7,1,564202,564202
598,180,19,3,1779901,5339703
599,181,17,1,1686600,1686600
600,181,20,1,2691553,2691553
601,181,19,3,447266,1341798
602,181,9,1,1025511,1025511
603,182,3,3,1894634,5683902
604,182,15,2,394528,789056
605,182,2,3,1264911,3794733
606,182,12,3,320511,961533
607,183,10,1,1055550,1055550
608,184,4,1,960001,960001
609,184,21,3,2905139,8715417
610,184,8,1,2540869,2540869
611,184,18,3,900352,2701056
612,184,13,3,2491015,7473045
613,185,4,3,2940228,8820684
614,185,19,2,586637,1173274
615,185,12,1,906637,906637
616,185,15,3,1834252,5502756
617,186,11,2,2457208,4914416
618,186,6,2,1709104,3418208
619,186,18,2,2806004,5612008
620,186,15,2,1506651,3013302
621,186,12,3,1159663,3478989
622,187,18,2,2047517,4095034
623,187,7,2,1815518,3631036
624,187,13,1,295386,295386
625,187,21,2,2648810,5297620
626,187,9,1,2321011,2321011
627,188,10,2,1080660,2161320
628,188,1,1,1470805,1470805
629,189,9,3,2294428,6883284
630,190,19,2,1641728,3283456
631,190,21,1,730526,730526
632,190,5,2,1689657,3379314
633,190,4,3,1197975,3593925
634,190,2,1,1224764,1224764
635,191,3,3,1061998,3185994
636,191,19,3,473806,1421418
637,191,13,3,1511857,4535571
638,192,6,3,2843811,8531433
639,192,16,2,306747,613494
640,192,19,3,2567109,7701327
641,192,4,2,479158,958316
642,193,11,2,1971604,3943208
643,194,4,1,1428354,1428354
644,194,8,3,322730,968190
645,194,1,2,2414629,4829258
646,194,13,3,777384,2332152
647,195,17,1,2975430,2975430
648,195,8,3,1797869,5393607
649,195,5,2,2646165,5292330
650,196,17,2,770809,1541618
651,196,3,1,1559991,1559991
652,196,8,1,2145879,2145879
653,196,14,3,356825,1070475
654,196,10,3,1824329,5472987
655,197,3,2,696833,1393666
656,197,13,1,2167135,2167135
657,197,17,3,980927,2942781
658,198,13,3,2348854,7046562
659,198,19,1,1166343,1166343
660,198,7,1,1266763,1266763
661,198,18,2,1506486,3012972
662,199,3,2,948971,1897942
663,199,4,2,1595042,3190084
664,199,14,3,2898988,8696964
665,199,19,1,1428502,1428502
666,199,12,1,1616816,1616816
667,200,15,1,987540,987540
668,200,20,3,1717918,5153754
669,200,5,1,509931,509931
670,200,21,1,378749,378749
671,200,2,1,2754673,2754673
672,201,10,2,616733,1233466
673,201,1,2,2037695,4075390
674,202,1,1,1004804,1004804
675,202,11,3,2344736,7034208
676,202,7,2,2451834,4903668
677,202,18,2,2763227,5526454
678,203,1,3,2933039,8799117
679,203,13,3,332376,997128
680,204,6,1,2741932,2741932
681,204,2,2,372655,745310
682,204,10,2,2896253,5792506
683,205,3,2,2919804,5839608
684,206,12,2,2873827,5747654
685,206,4,2,1119591,2239182
686,206,1,2,2282972,4565944
687,207,11,2,2654445,5308890
688,208,3,3,240129,720387
689,208,6,1,1187637,1187637
690,208,7,3,1428958,4286874
691,208,17,2,2204927,4409854
692,208,15,2,808527,1617054
693,209,12,3,1626030,4878090
694,210,21,3,1307117,3921351
695,210,10,1,2774763,2774763
696,210,8,2,1773911,3547822
697,211,18,2,1096162,2192324
698,212,11,3,725713,2177139
699,212,13,1,1753092,1753092
700,213,20,2,1460228,2920456
701,213,8,3,1531120,4593360
702,213,14,2,2424293,4848586
703,213,21,1,1017202,1017202
704,213,5,3,731232,2193696
705,214,18,1,1953820,1953820
706,214,7,1,2902435,2902435
707,214,5,3,812901,2438703
708,214,10,2,434432,868864
709,214,17,3,2385402,7156206
710,215,6,2,760366,1520732
711,216,11,2,1874914,3749828
712,217,15,1,597831,597831
713,217,9,1,924882,924882
714,217,5,1,2716836,2716836
715,218,9,1,259406,259406
716,218,20,2,483344,966688
717,218,19,3,2149014,6447042
718,218,8,1,2256902,2256902
719,218,18,3,2116136,6348408
720,219,6,2,726770,1453540
721,219,13,1,960590,960590
722,219,16,1,285180,285180
723,220,1,3,2965800,8897400
724,220,9,1,1007995,1007995
725,220,14,1,892719,892719
726,220,8,2,2738134,5476268
727,221,11,2,325432,650864
728,221,15,3,1745404,5236212
729,221,8,3,1462387,4387161
730,221,14,2,2714837,5429674
731,222,20,1,2044187,2044187
732,222,18,2,327905,655810
733,222,17,1,2325596,2325596
734,222,2,3,1809313,5427939
735,222,19,3,314633,943899
736,223,13,2,1819500,3639000
737,223,17,2,1349212,2698424
738,223,2,2,848295,1696590
739,223,7,2,1384885,2769770
740,223,10,3,378785,1136355
741,224,5,1,904015,904015
742,224,15,3,2441797,7325391
743,224,20,1,1798641,1798641
744,224,3,2,1506693,3013386
745,224,17,2,254488,508976
746,225,15,3,996964,2990892
747,225,19,2,528240,1056480
748,226,11,1,628842,628842
749,226,6,3,2034913,6104739
750,226,4,3,1672294,5016882
751,227,17,3,1760979,5282937
752,228,20,1,866743,866743
753,228,6,2,2521843,5043686
754,228,13,3,779521,2338563
755,228,18,1,756527,756527
756,228,19,1,365211,365211
757,229,10,3,907894,2723682
758,229,21,1,701848,701848
759,229,15,1,164818,164818
760,229,20,3,1211624,3634872
761,230,15,2,2241457,4482914
762,231,1,3,2916020,8748060
763,231,20,2,2053117,4106234
764,231,16,2,2003359,4006718
765,231,8,1,2671685,2671685
766,231,7,3,177569,532707
767,232,18,3,2786688,8360064
768,232,9,3,1020895,3062685
769,233,6,1,380954,380954
770,234,2,3,2574696,7724088
771,234,5,3,1401754,4205262
772,234,21,2,517851,1035702
773,235,4,2,897627,1795254
774,236,10,3,2645480,7936440
775,236,20,3,2507942,7523826
776,237,15,2,300324,600648
777,237,19,1,1405332,1405332
778,238,12,2,2458843,4917686
779,238,13,1,1378229,1378229
780,238,3,2,714325,1428650
781,239,9,2,2360619,4721238
782,240,17,1,2546487,2546487
783,240,7,3,2788127,8364381
784,240,20,3,517713,1553139
785,240,2,2,2686622,5373244
786,241,14,2,2353650,4707300
787,241,20,3,2764075,8292225
788,241,11,2,694056,1388112
789,242,19,1,2706033,2706033
790,242,16,1,1368395,1368395
791,242,17,1,156630,156630
792,242,20,1,250607,250607
793,242,18,2,2773372,5546744
794,243,7,3,1889093,5667279
795,244,2,3,1040609,3121827
796,244,11,1,2836947,2836947
797,244,12,1,1331228,1331228
798,244,18,2,434525,869050
799,245,10,2,175716,351432
800,245,17,1,1547889,1547889
801,245,18,2,1811151,3622302
802,246,20,2,2970556,5941112
803,246,1,2,2140199,4280398
804,246,6,1,2858061,2858061
805,246,7,1,2169538,2169538
806,246,11,1,2780669,2780669
807,247,18,3,384974,1154922
808,247,11,3,1405538,4216614
809,247,15,3,2994567,8983701
810,247,14,2,2478581,4957162
811,248,1,1,776230,776230
812,248,7,2,280749,561498
813,248,19,2,1723873,3447746
814,248,11,3,2390904,7172712
815,248,12,1,2544870,2544870
816,249,13,3,282658,847974
817,249,6,2,1885894,3771788
818,249,4,1,2234797,2234797
819,249,10,1,1708534,1708534
820,249,11,2,1419316,2838632
821,250,17,1,620732,620732
822,250,10,2,306846,613692
823,251,3,3,254584,763752
824,251,15,2,2247379,4494758
825,252,7,2,2346254,4692508
826,252,11,2,1522954,3045908
827,253,4,3,706656,2119968
828,253,17,1,303312,303312
829,254,13,2,334675,669350
830,254,17,3,2642622,7927866
831,254,4,1,1547918,1547918
832,254,1,2,343524,687048
833,255,17,3,1460639,4381917
834,256,19,2,2829534,5659068
835,257,11,1,1351950,1351950
836,257,7,2,2382526,4765052
837,258,15,1,810586,810586
838,258,4,2,630081,1260162
839,258,9,1,2762820,2762820
840,259,17,3,1485822,4457466
841,259,4,2,743732,1487464
842,259,7,3,1338110,4014330
843,259,18,3,1176870,3530610
844,259,12,1,448814,448814
845,260,20,2,362761,725522
846,260,11,1,271604,271604
847,260,18,2,2983235,5966470
848,261,4,2,375653,751306
849,262,14,2,900709,1801418
850,263,19,1,2963833,2963833
851,263,15,3,479444,1438332
852,263,12,2,2531480,5062960
853,263,10,1,539718,539718
854,263,11,3,2114091,6342273
855,264,15,2,2852887,5705774
856,265,16,3,1232351,3697053
857,265,8,2,1794489,3588978
858,265,20,1,2939969,2939969
859,265,5,2,1512146,3024292
860,266,16,1,1624049,1624049
861,266,1,2,2084587,4169174
862,266,3,1,1333873,1333873
863,266,21,2,2685206,5370412
864,267,5,2,2482661,4965322
865,267,17,3,447476,1342428
866,267,4,2,2384496,4768992
867,267,13,2,1831146,3662292
868,267,19,3,1884101,5652303
869,268,20,3,816979,2450937
870,268,8,2,1759842,3519684
871,269,11,1,2628708,2628708
872,270,14,3,1140503,3421509
873,270,19,1,2929197,2929197
874,270,11,3,476712,1430136
875,270,18,3,2558320,7674960
876,271,4,3,559590,1678770
877,271,19,2,888927,1777854
878,271,15,2,1852022,3704044
879,271,11,1,2659280,2659280
880,272,20,2,1523249,3046498
881,273,21,1,2585917,2585917
882,273,2,3,150773,452319
883,273,3,1,2921937,2921937
884,273,7,1,2049912,2049912
885,274,10,1,1477907,1477907
886,274,13,2,2541912,5083824
887,274,19,3,1427375,4282125
888,274,15,2,1593950,3187900
889,274,7,1,2594134,2594134
890,275,20,3,1845326,5535978
891,276,10,2,2452191,4904382
892,276,2,1,153537,153537
893,277,12,2,2625326,5250652
894,277,4,2,2772338,5544676
895,277,10,2,1755536,3511072
896,277,1,2,1750399,3500798
897,277,8,2,2436393,4872786
898,278,6,1,939480,939480
899,278,16,3,1763108,5289324
900,279,14,3,676591,2029773
901,279,5,1,198665,198665
902,279,10,1,2869541,2869541
903,280,5,3,2191373,6574119
904,281,5,2,2685161,5370322
905,281,3,2,2764093,5528186
906,281,21,1,2055868,2055868
907,281,14,3,1928907,5786721
908,282,15,2,2685764,5371528
909,282,13,1,2574049,2574049
910,282,12,2,1143001,2286002
911,282,8,3,2254403,6763209
912,282,6,2,1873178,3746356
913,283,19,3,1695930,5087790
914,283,12,1,2583823,2583823
915,283,2,2,485809,971618
916,283,21,1,2357915,2357915
917,283,16,2,2100084,4200168
918,284,3,3,2933914,8801742
919,284,17,3,477499,1432497
920,284,21,3,2807878,8423634
921,284,8,3,2581137,7743411
922,284,16,2,2721272,5442544
923,285,11,3,195228,585684
924,286,15,2,1630230,3260460
925,286,17,2,1363028,2726056
926,286,16,1,298168,298168
927,286,11,3,2656669,7970007
928,287,19,3,2134579,6403737
929,287,9,3,859169,2577507
930,287,2,3,366509,1099527
931,288,20,2,496072,992144
932,288,1,1,2270623,2270623
933,288,10,1,1315382,1315382
934,289,5,2,1227750,2455500
935,289,20,1,617872,617872
936,289,9,3,882383,2647149
937,290,5,3,1140677,3422031
938,290,15,2,908368,1816736
939,290,12,3,288791,866373
940,290,6,2,504005,1008010
941,290,9,1,2647892,2647892
942,291,16,2,1148023,2296046
943,291,14,3,1996269,5988807
944,292,7,3,1597352,4792056
945,292,19,1,2843838,2843838
946,293,4,2,1822456,3644912
947,293,2,2,1414025,2828050
948,293,6,2,2383554,4767108
949,294,13,2,1251529,2503058
950,294,21,1,2374835,2374835
951,295,1,3,1474094,4422282
952,295,10,3,322040,966120
953,295,15,1,2378405,2378405
954,295,13,3,1634062,4902186
955,296,20,2,562202,1124404
956,296,9,2,2894514,5789028
957,296,11,3,1790617,5371851
958,296,21,2,2982376,5964752
959,297,19,3,1565185,4695555
960,297,7,3,904625,2713875
961,298,18,1,200169,200169
962,298,1,2,559778,1119556
963,298,20,3,585818,1757454
964,299,12,1,292781,292781
965,299,8,1,2747940,2747940
966,299,10,1,388580,388580
967,299,9,3,2904003,8712009
968,300,20,3,653220,1959660
969,300,4,1,2686236,2686236
970,301,13,1,614917,614917
971,301,19,3,922855,2768565
972,302,10,3,2051880,6155640
973,302,15,2,1940898,3881796
974,302,3,3,2950030,8850090
975,303,9,2,411671,823342
976,303,6,2,1779866,3559732
977,303,3,2,401904,803808
978,304,9,1,2212430,2212430
979,304,6,1,2709791,2709791
980,304,15,2,898440,1796880
981,305,4,1,2725161,2725161
982,305,5,3,595643,1786929
983,305,18,2,1236309,2472618
984,305,14,1,296217,296217
985,306,3,3,1201077,3603231
986,307,1,1,2937558,2937558
987,307,16,2,1267515,2535030
988,307,5,1,1533410,1533410
989,307,21,2,2560215,5120430
990,308,17,3,2208058,6624174
991,309,14,1,163872,163872
992,309,13,2,2171932,4343864
993,309,3,1,2529193,2529193
994,309,18,3,1655412,4966236
995,310,10,3,2864026,8592078
996,310,13,1,1682411,1682411
997,310,2,3,1576326,4728978
998,311,15,2,2867038,5734076
999,312,6,1,1761299,1761299
1000,312,18,3,951125,2853375
1001,313,13,2,505939,1011878
1002,313,4,3,1987036,5961108
1003,313,12,3,944671,2834013
1004,314,2,1,2636993,2636993
1005,314,7,1,2201990,2201990
1006,315,3,3,2034531,6103593
1007,315,18,1,305368,305368
1008,315,10,2,385109,770218
1009,315,16,2,329577,659154
1010,316,4,3,2400501,7201503
1011,316,7,1,2579952,2579952
1012,316,17,1,452130,452130
1013,316,15,1,743873,743873
1014,317,21,1,2871207,2871207
1015,317,1,1,210252,210252
1016,317,16,1,2803574,2803574
1017,317,2,1,1439066,1439066
1018,318,15,3,865923,2597769
1019,319,3,1,999938,999938
1020,319,4,2,1564919,3129838
1021,319,20,3,2995406,8986218
1022,319,16,2,1509939,3019878
1023,319,8,1,2565780,2565780
1024,320,5,2,415171,830342
1025,320,11,1,1298792,1298792
1026,320,7,1,1891283,1891283
1027,320,2,1,1701587,1701587
1028,320,6,3,842085,2526255
1029,321,8,1,2801616,2801616
1030,321,19,3,1727607,5182821
1031,321,2,1,215558,215558
1032,321,5,2,488575,977150
1033,322,1,1,523885,523885
1034,323,10,1,2833623,2833623
1035,323,14,2,2343985,4687970
1036,323,16,2,1878184,3756368
1037,323,5,1,882111,882111
1038,323,7,3,307794,923382
1039,324,6,2,169168,338336
1040,324,16,3,1138341,3415023
1041,324,3,1,642863,642863
1042,324,10,3,551327,1653981
1043,324,12,3,1667924,5003772
1044,325,17,1,962516,962516
1045,325,8,1,775863,775863
1046,325,15,3,2139831,6419493
1047,325,7,2,889555,1779110
1048,325,9,1,2960781,2960781
1049,326,2,3,1677536,5032608
1050,327,7,2,2737127,5474254
1051,327,14,2,331686,663372
1052,327,9,1,370018,370018
1053,328,6,1,447206,447206
1054,328,21,1,2015714,2015714
1055,328,1,3,2581697,7745091
1056,328,16,2,1907691,3815382
1057,328,17,1,2988925,2988925
1058,329,8,1,561310,561310
1059,329,4,1,1880550,1880550
1060,329,11,1,1725096,1725096
1061,330,3,3,2181753,6545259
1062,330,16,1,1978150,1978150
1063,331,7,2,896840,1793680
1064,331,20,2,1716509,3433018
1065,332,15,3,1654036,4962108
1066,332,7,2,998133,1996266
1067,333,5,1,1326939,1326939
1068,333,2,1,616026,616026
1069,333,19,2,2073419,4146838
1070,334,6,3,807617,2422851
1071,334,11,3,2714934,8144802
1072,334,8,1,2574817,2574817
1073,334,10,3,1113441,3340323
1074,335,14,3,2201909,6605727
1075,336,19,2,1320927,2641854
1076,336,16,1,1945625,1945625
1077,337,8,2,2580460,5160920
1078,337,11,1,2632070,2632070
1079,338,19,2,335489,670978
1080,338,1,1,2124060,2124060
1081,339,2,3,561038,1683114
1082,339,14,2,2227376,4454752
1083,339,17,1,498511,498511
1084,339,13,3,202105,606315
1085,339,16,3,1855479,5566437
1086,340,5,2,1152700,2305400
1087,340,12,3,530547,1591641
1088,341,16,3,1428577,4285731
1089,342,15,3,2598047,7794141
1090,342,19,1,2057740,2057740
1091,343,5,3,2097397,6292191
1092,343,13,3,2806681,8420043
1093,343,6,1,2781107,2781107
1094,343,12,1,1764300,1764300
1095,344,17,2,1281578,2563156
1096,344,2,3,2719016,8157048
1097,344,10,3,2562686,7688058
1098,345,3,2,379896,759792
1099,345,20,3,2979699,8939097
1100,346,2,2,2101831,4203662
1101,346,4,3,321439,964317
1102,346,13,2,1686931,3373862
1103,347,21,3,431043,1293129
1104,347,18,3,1008626,3025878
1105,348,11,3,626295,1878885
1106,348,8,3,2156947,6470841
1107,349,7,3,1923893,5771679
1108,349,8,2,378421,756842
1109,349,11,1,1713694,1713694
1110,349,12,2,2047547,4095094
1111,349,9,2,2253234,4506468
1112,350,4,2,2754458,5508916
1113,350,16,2,2974052,5948104
1114,350,18,3,425262,1275786
1115,350,19,1,2070463,2070463
1116,350,10,1,486259,486259
1117,351,6,1,1307387,1307387
1118,351,10,1,770564,770564
1119,351,3,2,781234,1562468
1120,351,4,1,2333922,2333922
1121,352,10,2,2420942,4841884
1122,353,16,2,2011683,4023366
1123,353,12,3,2854002,8562006
1124,354,10,1,414029,414029
1125,355,8,3,2853950,8561850
1126,356,14,3,2859735,8579205
1127,356,19,2,2189054,4378108
1128,356,11,3,2942799,8828397
1129,357,18,2,870317,1740634
1130,357,15,2,1101192,2202384
1131,357,20,2,1709871,3419742
1132,357,10,2,348470,696940
1133,357,5,1,1631096,1631096
1134,358,15,3,2395280,7185840
1135,358,6,2,914539,1829078
1136,358,20,1,2944899,2944899
1137,359,6,1,322601,322601
1138,359,8,2,2559733,5119466
1139,360,15,2,923834,1847668
1140,360,9,1,2509242,2509242
1141,361,11,2,770523,1541046
1142,362,15,3,1414833,4244499
1143,362,18,1,254543,254543
1144,362,6,2,2244706,4489412
1145,363,15,1,168011,168011
1146,363,11,3,2440700,7322100
1147,364,11,3,2004325,6012975
1148,364,10,2,621085,1242170
1149,364,16,3,2158992,6476976
1150,364,20,1,734783,734783
1151,364,5,3,2460893,7382679
1152,365,10,1,1834557,1834557
1153,366,8,1,2700771,2700771
1154,366,15,3,968517,2905551
1155,366,12,3,2358023,7074069
1156,366,3,1,1315711,1315711
1157,366,11,1,244575,244575
1158,367,18,2,2989809,5979618
1159,368,17,2,965582,1931164
1160,369,11,3,1664415,4993245
1161,369,20,2,770530,1541060
1162,369,17,3,1943654,5830962
1163,369,2,2,1769473,3538946
1164,370,1,2,1442203,2884406
1165,370,10,2,2503143,5006286
1166,370,12,1,1054691,1054691
1167,371,14,3,1927681,5783043
1168,371,15,3,1887254,5661762
1169,371,10,1,2612811,2612811
1170,371,6,3,511037,1533111
1171,372,7,2,2353272,4706544
1172,372,10,2,427309,854618
1173,373,13,2,883554,1767108
1174,373,3,3,2088271,6264813
1175,373,1,3,2532013,7596039
1176,373,14,1,985746,985746
1177,373,9,1,1751257,1751257
1178,374,18,2,2604541,5209082
1179,374,16,2,2222407,4444814
1180,374,2,3,2093857,6281571
1181,375,1,1,1251747,1251747
1182,375,21,2,2836683,5673366
1183,376,4,2,2854427,5708854
1184,376,10,1,269296,269296
1185,376,14,1,1312732,1312732
1186,376,6,2,429864,859728
1187,377,12,3,2146659,6439977
1188,377,19,3,651570,1954710
1189,377,16,2,2299689,4599378
1190,377,14,3,2562830,7688490
1191,377,9,1,1238577,1238577
1192,378,19,1,1490839,1490839
1193,378,2,2,718317,1436634
1194,379,6,2,1909569,3819138
1195,379,2,3,1643106,4929318
1196,379,9,1,1365745,1365745
1197,380,17,1,2784148,2784148
1198,380,3,1,546398,546398
1199,380,21,3,851018,2553054
1200,381,11,1,2391521,2391521
1201,381,21,3,1624840,4874520
1202,381,10,1,204096,204096
1203,381,9,1,2323365,2323365
1204,381,12,2,1714534,3429068
1205,382,14,1,798250,798250
1206,382,11,3,1077417,3232251
1207,382,6,1,2493169,2493169
1208,382,4,3,2354747,7064241
1209,383,18,1,700427,700427
1210,383,4,1,2161245,2161245
1211,383,14,2,1456833,2913666
1212,383,15,3,1670722,5012166
1213,383,3,1,2003621,2003621
1214,384,17,3,647431,1942293
1215,384,11,1,689867,689867
1216,384,6,3,747098,2241294
1217,384,10,3,1100322,3300966
1218,384,1,2,675731,1351462
1219,385,5,2,618596,1237192
1220,385,3,1,228879,228879
1221,386,14,1,2917354,2917354
1222,386,2,3,2637961,7913883
1223,386,7,1,2117473,2117473
1224,386,4,1,1211211,1211211
1225,387,3,2,2950060,5900120
1226,388,4,1,2674098,2674098
1227,389,19,1,2962702,2962702
1228,389,7,2,272721,545442
1229,390,5,3,1313397,3940191
1230,391,12,3,2541740,7625220
1231,391,21,1,565679,565679
1232,391,6,3,208654,625962
1233,391,17,3,1060155,3180465
1234,391,8,3,953408,2860224
1235,392,6,3,563917,1691751
1236,392,18,1,2264748,2264748
1237,392,1,3,2141101,6423303
1238,393,19,3,600151,1800453
1239,393,6,1,1638232,1638232
1240,393,15,2,1928770,3857540
1241,394,17,2,623308,1246616
1242,394,8,2,668480,1336960
1243,395,4,2,1359097,2718194
1244,395,17,3,320324,960972
1245,395,5,1,1526215,1526215
1246,395,16,2,635375,1270750
1247,396,10,1,2473291,2473291
1248,396,15,2,1368819,2737638
1249,396,21,2,941821,1883642
1250,396,20,1,2145133,2145133
1251,397,6,3,591122,1773366
1252,397,1,2,1987349,3974698
1253,397,16,3,2912151,8736453
1254,398,4,1,1805959,1805959
1255,399,19,2,985028,1970056
1256,399,4,2,989965,1979930
1257,399,6,3,1845711,5537133
1258,399,3,1,1126726,1126726
1259,400,16,3,1828709,5486127
1260,400,9,2,2145760,4291520
1261,400,19,3,2679859,8039577
1262,400,20,2,2182278,4364556
1263,401,9,2,2202446,4404892
1264,401,5,2,1118136,2236272
1265,401,15,3,714588,2143764
1266,401,4,1,567766,567766
1267,401,18,3,371679,1115037
1268,402,16,3,262192,786576
1269,403,13,3,1521352,4564056
1270,403,20,1,1419836,1419836
1271,404,20,2,996963,1993926
1272,404,4,2,2927020,5854040
1273,404,3,2,2206259,4412518
1274,404,17,3,1247503,3742509
1275,404,16,3,1591228,4773684
1276,405,18,2,2037921,4075842
1277,405,1,2,1728469,3456938
1278,405,2,2,2077938,4155876
1279,405,14,1,287823,287823
1280,405,4,1,2484828,2484828
1281,406,6,1,1460550,1460550
1282,406,16,3,1781921,5345763
1283,406,14,2,608781,1217562
1284,407,16,3,805615,2416845
1285,407,18,3,383778,1151334
1286,407,20,2,1254741,2509482
1287,407,21,2,2629022,5258044
1288,407,19,2,2737632,5475264
1289,408,10,1,2626583,2626583
1290,408,11,1,687701,687701
1291,408,2,2,1613295,3226590
1292,409,1,2,1648901,3297802
1293,409,11,2,1623330,3246660
1294,409,13,1,2923441,2923441
1295,409,4,1,1188568,1188568
1296,409,14,1,2868256,2868256
1297,410,19,2,630127,1260254
1298,410,3,2,862105,1724210
1299,410,20,1,2408283,2408283
1300,411,2,3,2309059,6927177
1301,411,15,2,1268280,2536560
1302,411,14,1,2120064,2120064
1303,412,1,3,559891,1679673
1304,412,11,2,569668,1139336
1305,412,13,3,2981622,8944866
1306,412,19,1,1559149,1559149
1307,412,20,2,2258764,4517528
1308,413,6,2,1978679,3957358
1309,413,20,1,2234366,2234366
1310,413,10,3,465919,1397757
1311,414,7,3,1836224,5508672
1312,414,10,1,2769646,2769646
1313,414,9,3,535699,1607097
1314,414,2,3,2575118,7725354
1315,414,20,1,2632460,2632460
1316,415,9,3,2143420,6430260
1317,415,3,2,1029709,2059418
1318,415,19,2,471542,943084
1319,416,17,3,2414704,7244112
1320,416,10,2,989183,1978366
1321,416,14,2,1837372,3674744
1322,417,20,3,2446643,7339929
1323,417,17,1,228027,228027
1324,417,15,3,2315200,6945600
1325,418,19,1,2921622,2921622
1326,418,16,3,2109978,6329934
1327,419,21,3,2778815,8336445
1328,419,18,1,2340557,2340557
1329,419,14,1,1677878,1677878
1330,420,5,2,1870756,3741512
1331,420,8,2,420228,840456
1332,420,21,3,1003784,3011352
1333,420,10,2,1269605,2539210
1334,421,21,3,2671750,8015250
1335,421,6,1,1852325,1852325
1336,421,9,1,626299,626299
1337,422,7,1,1452501,1452501
1338,422,1,2,2185841,4371682
1339,423,14,2,722231,1444462
1340,423,21,1,1233794,1233794
1341,423,2,2,2912665,5825330
1342,423,7,3,888135,2664405
1343,423,6,3,327135,981405
1344,424,1,3,1399815,4199445
1345,424,2,1,1857110,1857110
1346,424,3,2,2967196,5934392
1347,424,11,3,528772,1586316
1348,425,5,1,2339248,2339248
1349,425,8,3,2584456,7753368
1350,425,4,3,1206159,3618477
1351,425,17,2,528530,1057060
1352,426,20,2,1531125,3062250
1353,426,4,3,1785571,5356713
1354,427,14,1,598010,598010
1355,427,7,1,1048036,1048036
1356,428,15,3,384568,1153704
1357,428,14,2,2387535,4775070
1358,428,9,2,623794,1247588
1359,429,18,3,1183252,3549756
1360,429,14,2,757803,1515606
1361,429,16,2,2143224,4286448
1362,430,10,3,2927566,8782698
1363,430,1,1,2966888,2966888
1364,430,2,1,1211087,1211087
1365,431,13,2,1779365,3558730
1366,431,10,1,1798258,1798258
1367,431,12,2,1412016,2824032
1368,431,4,1,1137592,1137592
1369,431,8,2,1032424,2064848
1370,432,15,3,1854098,5562294
1371,432,11,1,1299392,1299392
1372,433,16,2,1882085,3764170
1373,434,14,3,1244587,3733761
1374,434,4,3,428364,1285092
1375,434,6,2,1915258,3830516
1376,435,18,3,2841034,8523102
1377,435,11,1,2793067,2793067
1378,435,15,2,2838963,5677926
1379,435,1,1,162900,162900
1380,435,2,2,989176,1978352
1381,436,11,1,811955,811955
1382,436,19,1,2315795,2315795
1383,436,3,3,2872860,8618580
1384,437,20,2,2043685,4087370
1385,437,14,2,709980,1419960
1386,438,6,2,983256,1966512
1387,438,19,1,1888524,1888524
1388,438,11,2,912898,1825796
1389,439,13,1,2492644,2492644
1390,439,19,3,2716927,8150781
1391,439,8,3,1109267,3327801
1392,439,1,1,2089550,2089550
1393,440,9,1,1832062,1832062
1394,440,6,3,1948951,5846853
1395,441,9,3,642203,1926609
1396,441,5,1,2355523,2355523
1397,441,3,2,2052988,4105976
1398,441,12,3,2222611,6667833
1399,441,6,1,1091553,1091553
1400,442,7,2,2222691,4445382
1401,442,9,2,696095,1392190
1402,443,7,3,2990335,8971005
1403,443,20,1,1904607,1904607
1404,443,21,1,1863474,1863474
1405,443,10,1,270683,270683
1406,444,9,1,1700373,1700373
1407,444,8,3,2864702,8594106
1408,444,15,2,509614,1019228
1409,445,16,1,1505791,1505791
1410,446,7,1,549630,549630
1411,446,13,3,396425,1189275
1412,446,14,1,1546126,1546126
1413,446,9,1,2125233,2125233
1414,447,20,1,1213914,1213914
1415,447,21,3,2749033,8247099
1416,447,2,2,1418807,2837614
1417,448,12,3,902341,2707023
1418,448,5,2,862471,1724942
1419,448,18,3,2217120,6651360
1420,448,2,2,2113290,4226580
1421,449,3,3,2374758,7124274
1422,449,11,2,744734,1489468
1423,450,4,1,2243841,2243841
1424,450,11,2,1662433,3324866
1425,450,2,2,1336675,2673350
1426,451,20,2,1977774,3955548
1427,451,9,1,1473482,1473482
1428,451,17,3,2210555,6631665
1429,452,18,1,942387,942387
1430,452,15,1,378871,378871
1431,453,6,2,1241458,2482916
1432,453,2,1,2109297,2109297
1433,454,4,2,2502394,5004788
1434,454,16,2,2069983,4139966
1435,454,2,2,621820,1243640
1436,454,15,3,770982,2312946
1437,455,12,1,1004521,1004521
1438,456,6,2,2512430,5024860
1439,456,21,3,2606509,7819527
1440,456,17,1,2597575,2597575
1441,457,17,3,907360,2722080
1442,458,3,2,258893,517786
1443,458,8,2,661667,1323334
1444,458,16,2,1716817,3433634
1445,458,4,3,594889,1784667
1446,459,5,2,2916308,5832616
1447,459,1,2,2054446,4108892
1448,459,3,3,1279603,3838809
1449,460,1,3,2537223,7611669
1450,460,11,1,1036536,1036536
1451,460,2,1,2849638,2849638
1452,460,15,2,1505476,3010952
1453,460,20,1,446638,446638
1454,461,20,1,1156969,1156969
1455,461,13,2,524082,1048164
1456,461,3,1,1023349,1023349
1457,461,21,1,1779499,1779499
1458,461,9,2,1345107,2690214
1459,462,4,2,1963442,3926884
1460,462,10,3,1450659,4351977
1461,463,5,1,2203627,2203627
1462,463,12,2,1777765,3555530
1463,463,4,2,1276084,2552168
1464,463,20,3,2668011,8004033
1465,463,17,2,528419,1056838
1466,464,12,3,1936845,5810535
1467,464,20,1,319609,319609
1468,464,6,3,1583381,4750143
1469,464,14,2,2987195,5974390
1470,465,21,2,2361567,4723134
1471,465,5,3,2864660,8593980
1472,466,3,2,1409940,2819880
1473,466,10,1,685989,685989
1474,466,15,3,1410005,4230015
1475,466,14,1,2344007,2344007
1476,466,21,2,1389339,2778678
1477,467,2,1,2291827,2291827
1478,467,18,2,1882328,3764656
1479,467,3,1,2098910,2098910
1480,467,21,3,2534370,7603110
1481,467,17,2,1640897,3281794
1482,468,19,1,627880,627880
1483,468,3,3,2924860,8774580
1484,468,17,2,903096,1806192
1485,469,13,1,1895885,1895885
1486,469,2,3,1398424,4195272
1487,470,19,3,1261802,3785406
1488,470,15,2,935139,1870278
1489,470,20,1,926312,926312
1490,471,20,2,2974481,5948962
1491,472,14,3,225141,675423
1492,473,13,1,205803,205803
1493,474,21,2,1849077,3698154
1494,474,16,3,2674498,8023494
1495,475,10,2,517568,1035136
1496,475,20,1,716708,716708
1497,475,12,1,950281,950281
1498,475,13,1,216627,216627
1499,476,1,2,2870522,5741044
1500,476,7,1,2875206,2875206
1501,477,14,1,511102,511102
1502,477,18,2,2093747,4187494
1503,478,16,1,638463,638463
1504,478,14,1,789305,789305
1505,479,16,3,1167662,3502986
1506,479,21,1,1386612,1386612
1507,479,1,3,1793048,5379144
1508,479,15,1,1550268,1550268
1509,480,4,3,1961049,5883147
1510,481,16,1,2194708,2194708
1511,481,19,2,2188855,4377710
1512,481,18,3,2628998,7886994
1513,481,10,3,2714797,8144391
1514,482,8,2,2567610,5135220
1515,482,2,2,2470522,4941044
1516,482,17,1,1273439,1273439
1517,482,1,3,1899601,5698803
1518,483,4,3,1979681,5939043
1519,483,16,1,826681,826681
1520,483,12,2,956150,1912300
1521,483,15,2,1592200,3184400
1522,484,8,3,2905482,8716446
1523,484,17,2,700118,1400236
1524,484,21,2,1787335,3574670
1525,484,11,2,2973216,5946432
1526,485,16,2,511515,1023030
1527,485,6,3,2175386,6526158
1528,485,7,1,876835,876835
1529,486,6,2,573220,1146440
1530,486,20,2,2220833,4441666
1531,487,8,1,226045,226045
1532,487,7,2,1243908,2487816
1533,487,18,2,2989241,5978482
1534,488,6,1,417032,417032
1535,488,17,2,1956153,3912306
1536,489,20,1,656202,656202
1537,490,8,1,2486321,2486321
1538,490,16,2,784088,1568176
1539,490,9,3,2311691,6935073
1540,490,11,3,2958027,8874081
1541,490,12,1,361485,361485
1542,491,15,3,326032,978096
1543,491,4,3,592126,1776378
1544,491,20,1,2792101,2792101
1545,491,19,1,1011452,1011452
1546,492,6,3,2240403,6721209
1547,492,10,3,566470,1699410
1548,492,15,1,2864104,2864104
1549,493,11,1,1991754,1991754
1550,493,5,2,177630,355260
1551,493,4,1,2136688,2136688
1552,494,10,1,1265750,1265750
1553,494,17,2,1890672,3781344
1554,494,6,2,2790064,5580128
1555,495,5,2,1107064,2214128
1556,495,17,1,1948613,1948613
1557,496,14,1,2006309,2006309
1558,496,15,1,191727,191727
1559,496,17,3,2319917,6959751
1560,496,12,1,505585,505585
1561,497,11,2,407816,815632
1562,497,13,2,305582,611164
1563,497,6,3,2840502,8521506
1564,498,19,3,2919757,8759271
1565,498,2,3,1390358,4171074
1566,499,13,2,183144,366288
1567,499,18,2,2363718,4727436
1568,499,10,3,765983,2297949
1569,499,11,3,1844239,5532717
1570,500,21,3,1598086,4794258
1571,500,7,3,1846619,5539857
1572,500,18,1,1414714,1414714
1573,500,15,1,305064,305064
1574,501,11,1,539313,539313
1575,501,13,3,2464357,7393071
1576,501,5,2,2336641,4673282
1577,501,17,2,2816258,5632516
1578,501,10,1,248237,248237
1579,502,18,3,1235025,3705075
1580,503,10,3,613226,1839678
1581,503,14,3,401430,1204290
1582,504,9,1,350206,350206
1583,504,17,3,673238,2019714
1584,504,12,2,1399739,2799478
1585,505,1,2,1404942,2809884
1586,505,15,2,2947275,5894550
1587,505,11,3,2552353,7657059
1588,505,8,3,737082,2211246
1589,505,18,3,1734044,5202132
1590,506,8,2,2055512,4111024
1591,506,4,1,764688,764688
1592,506,11,3,1935482,5806446
1593,506,17,2,493711,987422
1594,506,7,1,410859,410859
1595,507,5,1,1698932,1698932
1596,507,16,3,2357275,7071825
1597,507,7,2,2617255,5234510
1598,507,15,3,2326613,6979839
1599,508,9,2,2203284,4406568
1600,508,19,3,1898699,5696097
1601,508,16,1,755431,755431
1602,508,14,3,683196,2049588
1603,509,15,1,1041887,1041887
1604,509,5,2,2135397,4270794
1605,509,17,1,807833,807833
1606,509,19,3,1699090,5097270
1607,510,20,2,612783,1225566
1608,511,12,3,1364630,4093890
1609,512,17,1,643846,643846
1610,513,10,2,2188119,4376238
1611,513,12,1,749237,749237
1612,513,21,1,2623063,2623063
1613,514,2,1,2200149,2200149
1614,514,10,1,663080,663080
1615,514,20,3,1612339,4837017
1616,514,7,1,337411,337411
1617,515,16,2,1732534,3465068
1618,515,19,2,2690530,5381060
1619,515,10,1,731004,731004
1620,515,15,3,2819507,8458521
1621,516,15,1,2770477,2770477
1622,516,21,3,2765523,8296569
1623,516,5,2,1774181,3548362
1624,516,11,1,1808415,1808415
1625,517,18,3,1313395,3940185
1626,517,2,3,521321,1563963
1627,517,15,1,254035,254035
1628,518,21,1,2745032,2745032
1629,518,10,3,2569507,7708521
1630,518,18,1,2541778,2541778
1631,518,4,3,944383,2833149
1632,518,3,2,2258219,4516438
1633,519,4,3,2380780,7142340
1634,520,1,1,1178806,1178806
1635,520,9,3,2580820,7742460
1636,521,3,3,338675,1016025
1637,521,18,2,247573,495146
1638,521,11,2,1982983,3965966
1639,521,13,1,1890369,1890369
1640,522,17,2,1752270,3504540
1641,523,3,3,855297,2565891
1642,523,4,2,754123,1508246
1643,523,20,1,1221873,1221873
1644,524,5,2,1858241,3716482
1645,525,2,2,911089,1822178
1646,525,20,1,395374,395374
1647,526,13,1,1881504,1881504
1648,526,4,2,1231854,2463708
1649,526,11,2,657369,1314738
1650,527,7,1,2654018,2654018
1651,528,8,1,1279473,1279473
1652,528,16,1,1485199,1485199
1653,528,17,2,2469957,4939914
1654,528,19,2,424551,849102
1655,528,13,2,271242,542484
1656,529,21,3,2608586,7825758
1657,529,8,3,575761,1727283
1658,529,1,1,2476611,2476611
1659,529,9,3,676684,2030052
1660,530,19,1,2816734,2816734
1661,530,14,3,1003360,3010080
1662,530,15,1,1715755,1715755
1663,531,6,1,154198,154198
1664,531,8,2,2753529,5507058
1665,531,18,2,2889127,5778254
1666,531,14,1,152277,152277
1667,531,15,1,2172435,2172435
1668,532,20,2,2801668,5603336
1669,532,9,1,2604335,2604335
1670,532,13,3,1329905,3989715
1671,533,6,3,2390132,7170396
1672,534,3,1,2484042,2484042
1673,534,10,2,1961781,3923562
1674,534,21,1,2710393,2710393
1675,534,13,3,1485063,4455189
1676,534,4,3,1587116,4761348
1677,535,15,3,1499048,4497144
1678,535,9,2,1033420,2066840
1679,535,8,2,2664542,5329084
1680,536,1,3,2148707,6446121
1681,536,5,1,190175,190175
1682,536,21,3,877862,2633586
1683,537,18,1,2872511,2872511
1684,537,16,3,475155,1425465
1685,537,13,3,279803,839409
1686,537,21,3,2017206,6051618
1687,538,12,2,2672080,5344160
1688,539,13,1,2090673,2090673
1689,539,6,2,959462,1918924
1690,539,1,2,189272,378544
1691,540,1,3,1650810,4952430
1692,540,9,1,527346,527346
1693,541,21,2,304333,608666
1694,541,10,2,2217111,4434222
1695,541,8,3,2691861,8075583
1696,541,19,1,179928,179928
1697,541,16,1,2827795,2827795
1698,542,4,2,865032,1730064
1699,542,9,3,962731,2888193
1700,542,19,3,2522747,7568241
1701,542,17,3,2679050,8037150
1702,543,6,1,1238943,1238943
1703,543,3,3,1106155,3318465
1704,543,19,3,1300614,3901842
1705,543,5,1,2993648,2993648
1706,543,20,1,2992624,2992624
1707,544,20,2,2838407,5676814
1708,544,9,3,2876423,8629269
1709,544,18,1,1504757,1504757
1710,544,15,2,1856561,3713122
1711,544,1,2,660521,1321042
1712,545,15,3,1091823,3275469
1713,545,16,1,1315735,1315735
1714,545,12,2,2383090,4766180
1715,545,17,2,1476414,2952828
1716,545,2,1,1793575,1793575
1717,546,11,3,256417,769251
1718,546,3,3,1096352,3289056
1719,547,3,2,1453614,2907228
1720,547,8,1,2775612,2775612
1721,547,7,3,555698,1667094
1722,547,6,1,2163125,2163125
1723,548,1,1,602316,602316
1724,548,19,2,1149750,2299500
1725,548,11,2,378307,756614
1726,548,9,2,2329675,4659350
1727,549,3,3,1989325,5967975
1728,549,20,1,2772902,2772902
1729,550,19,1,1732909,1732909
1730,550,4,2,422748,845496
1731,550,3,1,410056,410056
1732,550,2,2,379801,759602
1733,551,20,1,2991911,2991911
1734,551,14,1,2495698,2495698
1735,551,3,1,1386970,1386970
1736,552,13,3,2917083,8751249
1737,552,4,3,194487,583461
1738,552,14,2,1760277,3520554
1739,552,8,2,1945605,3891210
1740,553,20,3,1526544,4579632
1741,553,4,3,957325,2871975
1742,553,11,1,580711,580711
1743,553,1,1,2646345,2646345
1744,553,15,3,433302,1299906
1745,554,7,2,1915831,3831662
1746,554,19,2,2754037,5508074
1747,554,5,2,929819,1859638
1748,554,17,1,727441,727441
1749,554,9,1,403718,403718
1750,555,10,2,2302205,4604410
1751,555,19,3,1650485,4951455
1752,556,19,1,2119325,2119325
1753,556,18,2,2680547,5361094
1754,556,5,2,1370810,2741620
1755,557,1,3,2994997,8984991
1756,557,17,1,390407,390407
1757,557,19,1,2276964,2276964
1758,558,2,3,994150,2982450
1759,558,14,1,1582572,1582572
1760,558,12,1,2951208,2951208
1761,558,7,2,2110427,4220854
1762,558,18,3,1538924,4616772
1763,559,19,1,589763,589763
1764,559,11,2,326966,653932
1765,559,10,2,1070254,2140508
1766,559,14,1,2829183,2829183
1767,559,20,1,1115839,1115839
1768,560,20,3,1540475,4621425
1769,560,7,3,1726688,5180064
1770,560,8,1,1829032,1829032
1771,560,16,1,178208,178208
1772,561,1,1,2476545,2476545
1773,561,3,1,747277,747277
1774,561,12,2,1997205,3994410
1775,562,21,2,334150,668300
1776,562,19,1,985181,985181
1777,563,10,1,1248902,1248902
1778,563,6,3,881002,2643006
1779,564,18,1,240144,240144
1780,564,8,1,1248020,1248020
1781,564,6,1,238054,238054
1782,565,13,2,1031799,2063598
1783,565,4,2,2063456,4126912
1784,566,12,3,868735,2606205
1785,566,21,3,2763906,8291718
1786,567,3,1,953969,953969
1787,567,4,3,1736267,5208801
1788,567,5,3,1719740,5159220
1789,567,19,2,2664691,5329382
1790,568,21,3,1383891,4151673
1791,568,8,1,1524392,1524392
1792,568,2,1,373384,373384
1793,568,7,3,1324712,3974136
1794,569,17,2,1027605,2055210
1795,569,19,3,491448,1474344
1796,570,20,2,2855626,5711252
1797,570,3,3,1719785,5159355
1798,570,6,2,2326392,4652784
1799,570,17,2,900774,1801548
1800,571,12,3,2225308,6675924
1801,571,17,2,1275480,2550960
1802,571,16,3,1831689,5495067
1803,572,21,2,1133080,2266160
1804,572,2,2,1066848,2133696
1805,572,7,2,1932675,3865350
1806,572,8,2,2546501,5093002
1807,572,19,1,1719119,1719119
1808,573,18,1,1387521,1387521
1809,573,3,2,2326091,4652182
1810,573,5,2,1115434,2230868
1811,574,2,2,2111050,4222100
1812,574,15,2,1865272,3730544
1813,574,17,2,2236846,4473692
1814,574,11,2,1295126,2590252
1815,574,14,2,253675,507350
1816,575,15,2,2856814,5713628
1817,575,8,1,1656144,1656144
1818,576,10,3,2300801,6902403
1819,577,21,1,449258,449258
1820,577,3,2,310563,621126
1821,577,9,3,990146,2970438
1822,577,8,2,974794,1949588
1823,577,4,3,1530938,4592814
1824,578,10,3,2683502,8050506
1825,578,9,1,2428034,2428034
1826,578,7,2,185793,371586
1827,579,10,2,2582502,5165004
1828,579,12,3,199873,599619
1829,579,13,2,2893456,5786912
1830,580,5,2,1130306,2260612
1831,580,13,3,2612071,7836213
1832,580,8,3,2116031,6348093
1833,580,19,3,2085256,6255768
1834,580,7,2,510189,1020378
1835,581,7,1,1989960,1989960
1836,581,14,2,2492295,4984590
1837,581,20,1,1721606,1721606
1838,582,19,2,190605,381210
1839,582,5,2,2913409,5826818
1840,583,11,2,1841851,3683702
1841,583,8,3,2404874,7214622
1842,583,14,2,1517676,3035352
1843,584,1,2,2533165,5066330
1844,584,19,3,2679176,8037528
1845,584,2,3,2557021,7671063
1846,584,5,2,1749365,3498730
1847,584,18,1,1788446,1788446
1848,585,18,2,939949,1879898
1849,586,4,3,1427775,4283325
1850,586,11,1,869002,869002
1851,586,19,1,2980675,2980675
1852,586,15,3,895059,2685177
1853,587,20,2,262568,525136
1854,588,7,2,1340417,2680834
1855,588,3,1,1127438,1127438
1856,589,17,1,1696239,1696239
1857,589,3,3,196334,589002
1858,589,15,1,1520581,1520581
1859,590,13,3,1904952,5714856
1860,590,6,2,438412,876824
1861,590,4,2,1016038,2032076
1862,590,5,1,1012671,1012671
1863,591,14,3,2562108,7686324
1864,591,16,2,2614119,5228238
1865,591,6,1,2257532,2257532
1866,592,9,2,418309,836618
1867,592,7,2,2686918,5373836
1868,592,1,1,2355602,2355602
1869,592,5,2,2537519,5075038
1870,593,15,3,532112,1596336
1871,593,21,2,2860775,5721550
1872,593,19,2,1604508,3209016
1873,593,2,3,1397590,4192770
1874,594,20,1,2740974,2740974
1875,594,6,3,1962260,5886780
1876,594,14,2,1763401,3526802
1877,594,8,3,919421,2758263
1878,595,4,2,2784371,5568742
1879,595,13,3,1374273,4122819
1880,595,2,3,429944,1289832
1881,595,8,3,1061232,3183696
1882,595,6,2,1875025,3750050
1883,596,4,2,1870067,3740134
1884,596,12,2,841385,1682770
1885,596,3,2,1019781,2039562
1886,596,21,3,337213,1011639
1887,596,17,2,262062,524124
1888,597,21,3,2983764,8951292
1889,598,13,2,308438,616876
1890,598,11,1,1201116,1201116
1891,598,21,1,722441,722441
1892,598,7,2,2961423,5922846
1893,599,16,3,2905752,8717256
1894,599,15,1,1985946,1985946
1895,599,3,1,2124626,2124626
1896,599,19,2,826820,1653640
1897,600,1,1,893384,893384
1898,600,20,2,670728,1341456
1899,601,13,1,1998253,1998253
1900,601,6,2,896335,1792670
1901,601,3,1,294472,294472
1902,601,1,3,2382623,7147869
1903,601,9,1,2004126,2004126
1904,602,21,3,2838599,8515797
1905,603,13,3,1443205,4329615
1906,604,2,2,996150,1992300
1907,604,20,1,1721373,1721373
1908,604,1,1,988800,988800
1909,604,21,1,217270,217270
1910,605,1,3,2955777,8867331
1911,605,21,1,1075128,1075128
1912,605,11,1,2935474,2935474
1913,605,7,1,850646,850646
1914,606,14,3,601658,1804974
1915,607,11,3,1018721,3056163
1916,607,18,3,1807018,5421054
1917,607,7,2,656688,1313376
1918,608,7,2,1506302,3012604
1919,608,4,1,212891,212891
1920,609,21,1,2074245,2074245
1921,609,11,1,426892,426892
1922,609,1,3,1317935,3953805
1923,609,13,3,2766865,8300595
1924,610,2,2,1414726,2829452
1925,610,3,3,2245373,6736119
1926,610,7,1,2398908,2398908
1927,611,6,3,707554,2122662
1928,611,9,2,885391,1770782
1929,611,4,3,1483650,4450950
1930,611,11,3,2172201,6516603
1931,611,13,1,1555533,1555533
1932,612,20,3,2032871,6098613
1933,613,17,1,238975,238975
1934,613,8,3,670329,2010987
1935,613,21,2,1141518,2283036
1936,613,1,3,1947250,5841750
1937,614,20,1,726949,726949
1938,614,3,2,2241810,4483620
1939,615,7,1,2842906,2842906
1940,615,5,1,1148512,1148512
1941,615,13,3,2658509,7975527
1942,616,11,3,316125,948375
1943,616,5,3,1890189,5670567
1944,616,9,3,1359868,4079604
1945,616,21,1,1110537,1110537
1946,617,11,3,376802,1130406
1947,617,8,3,1191605,3574815
1948,617,7,3,1082997,3248991
1949,618,13,3,175344,526032
1950,618,17,1,2212097,2212097
1951,618,11,1,957258,957258
1952,618,6,1,2810727,2810727
1953,618,15,1,1006560,1006560
1954,619,3,3,2452031,7356093
1955,619,6,1,1141156,1141156
1956,620,3,3,978527,2935581
1957,620,14,1,1928455,1928455
1958,620,15,1,2691124,2691124
1959,620,10,1,1421296,1421296
1960,620,6,2,2567688,5135376
1961,621,21,1,1658195,1658195
1962,621,7,2,1734261,3468522
1963,621,9,1,2124315,2124315
1964,621,16,2,1922920,3845840
1965,622,20,2,1942634,3885268
1966,622,14,1,1409262,1409262
1967,622,5,3,2403170,7209510
1968,622,16,1,2468829,2468829
1969,622,1,3,886936,2660808
1970,623,13,2,1337934,2675868
1971,623,15,2,2507794,5015588
1972,623,10,3,2166807,6500421
1973,624,11,1,2118212,2118212
1974,625,5,1,203830,203830
1975,625,7,3,1719751,5159253
1976,626,13,2,2203326,4406652
1977,626,14,2,2838753,5677506
1978,626,21,3,448778,1346334
1979,626,12,2,312851,625702
1980,627,13,3,830997,2492991
1981,628,14,3,1612044,4836132
1982,628,9,3,2199428,6598284
1983,629,2,3,1185119,3555357
1984,629,13,1,2153726,2153726
1985,629,14,1,1665881,1665881
1986,630,21,1,1246100,1246100
1987,631,15,1,639603,639603
1988,631,5,1,2852798,2852798
1989,631,9,3,1762071,5286213
1990,631,8,2,2608535,5217070
1991,631,6,1,2324901,2324901
1992,632,14,2,1210618,2421236
1993,632,6,3,1417600,4252800
1994,633,18,3,522762,1568286
1995,633,13,1,2818333,2818333
1996,633,19,3,1594488,4783464
1997,633,10,1,1278357,1278357
1998,633,14,3,1028813,3086439
1999,634,10,1,556305,556305
2000,634,1,1,1902546,1902546
2001,634,6,3,1898363,5695089
2002,634,16,3,1359386,4078158
2003,635,6,3,713429,2140287
2004,635,21,1,2190408,2190408
2005,635,12,1,2258114,2258114
2006,635,20,1,2040208,2040208
2007,636,7,1,1237800,1237800
2008,636,6,2,1998557,3997114
2009,636,21,3,2769013,8307039
2010,636,2,1,2819396,2819396
2011,636,20,1,484746,484746
2012,637,3,2,419536,839072
2013,637,13,2,274430,548860
2014,637,4,3,1134739,3404217
2015,638,16,2,180310,360620
2016,638,4,3,2592953,7778859
2017,638,1,1,556184,556184
2018,638,2,1,2340829,2340829
2019,639,13,3,2331348,6994044
2020,640,16,3,1951259,5853777
2021,640,21,2,1705185,3410370
2022,640,11,3,1588971,4766913
2023,641,8,2,2711918,5423836
2024,641,12,1,1643294,1643294
2025,641,13,2,570174,1140348
2026,642,15,3,1835306,5505918
2027,643,1,1,2375620,2375620
2028,643,20,2,1192442,2384884
2029,644,15,3,1882778,5648334
2030,644,20,3,938256,2814768
2031,644,16,1,2826273,2826273
2032,645,1,3,1515351,4546053
2033,645,12,3,2013555,6040665
2034,645,2,1,2694948,2694948
2035,646,13,2,2147000,4294000
2036,646,20,3,571341,1714023
2037,646,3,3,1764213,5292639
2038,646,12,2,2696671,5393342
2039,647,5,3,2266599,6799797
2040,647,17,1,686289,686289
2041,648,3,1,2021862,2021862
2042,648,10,1,2172361,2172361
2043,648,18,3,2417725,7253175
2044,648,15,1,1170709,1170709
2045,649,6,1,1974075,1974075
2046,649,3,3,272565,817695
2047,650,11,2,1074324,2148648
2048,650,13,3,1230572,3691716
2049,651,4,1,1545869,1545869
2050,651,5,1,2565802,2565802
2051,651,18,3,421233,1263699
2052,651,16,3,1589593,4768779
2053,652,13,1,1236718,1236718
2054,652,18,1,1370443,1370443
2055,652,14,1,617172,617172
2056,652,8,1,1577060,1577060
2057,653,7,2,1744653,3489306
2058,653,4,3,157040,471120
2059,653,19,2,409564,819128
2060,653,12,3,2396481,7189443
2061,653,5,1,1778000,1778000
2062,654,11,3,2673367,8020101
2063,654,12,3,1081729,3245187
2064,654,5,1,1808060,1808060
2065,654,17,1,2407764,2407764
2066,655,11,2,2061698,4123396
2067,655,5,1,2672728,2672728
2068,655,10,2,761826,1523652
2069,655,8,3,2940683,8822049
2070,656,20,2,1445584,2891168
2071,657,4,2,1372619,2745238
2072,657,9,3,1730030,5190090
2073,657,19,1,1547309,1547309
2074,657,16,1,1033375,1033375
2075,657,7,3,1094019,3282057
2076,658,6,2,1793361,3586722
2077,659,6,2,1565200,3130400
2078,659,1,2,2993313,5986626
2079,659,18,2,1610906,3221812
2080,660,13,2,968275,1936550
2081,660,3,3,2448520,7345560
2082,660,17,2,558187,1116374
2083,660,10,1,1506515,1506515
2084,661,2,2,2173507,4347014
2085,661,10,2,757431,1514862
2086,661,15,1,1064930,1064930
2087,661,6,3,970636,2911908
2088,661,5,3,2881490,8644470
2089,662,12,3,2564585,7693755
2090,663,5,2,1941433,3882866
2091,664,2,2,2137578,4275156
2092,664,4,1,370084,370084
2093,665,17,3,1569712,4709136
2094,666,14,1,1160220,1160220
2095,666,5,2,2199445,4398890
2096,666,13,2,2650457,5300914
2097,666,8,1,2888028,2888028
2098,666,2,3,1724422,5173266
2099,667,15,3,1752647,5257941
2100,668,21,1,653318,653318
2101,668,15,1,496604,496604
2102,668,12,1,2201930,2201930
2103,669,8,3,546585,1639755
2104,669,1,3,909574,2728722
2105,669,19,2,2180846,4361692
2106,669,16,3,1968887,5906661
2107,669,9,2,2546722,5093444
2108,670,4,1,2404484,2404484
2109,670,11,1,1850079,1850079
2110,671,13,3,2399895,7199685
2111,672,16,1,2912294,2912294
2112,672,3,1,907760,907760
2113,672,17,3,904712,2714136
2114,672,18,1,2476671,2476671
2115,672,4,2,1468253,2936506
2116,673,2,1,2562064,2562064
2117,674,21,1,2509280,2509280
2118,674,6,2,296822,593644
2119,675,4,3,1402326,4206978
2120,676,18,3,150358,451074
2121,676,6,1,1410807,1410807
2122,676,14,1,2328702,2328702
2123,677,18,3,2207066,6621198
2124,677,15,3,1462548,4387644
2125,677,5,3,1626886,4880658
2126,678,18,1,304073,304073
2127,678,17,1,744195,744195
2128,678,7,2,1052668,2105336
2129,678,4,1,2675576,2675576
2130,678,2,3,1056137,3168411
2131,679,12,3,1219410,3658230
2132,679,9,2,1751311,3502622
2133,679,5,3,835011,2505033
2134,679,14,2,2062886,4125772
2135,679,3,1,1216105,1216105
2136,680,5,3,1279944,3839832
2137,680,18,3,2857721,8573163
2138,680,7,1,1710877,1710877
2139,680,3,3,2906991,8720973
2140,681,20,2,1739397,3478794
2141,681,6,1,2681712,2681712
2142,681,14,1,475161,475161
2143,681,5,2,672699,1345398
2144,681,11,3,611332,1833996
2145,682,14,2,1296106,2592212
2146,682,3,1,1096929,1096929
2147,682,11,2,191369,382738
2148,682,20,1,1731906,1731906
2149,682,12,1,1738099,1738099
2150,683,4,1,2358199,2358199
2151,684,19,3,1613393,4840179
2152,684,16,3,2549804,7649412
2153,684,4,2,2463335,4926670
2154,685,20,1,1483773,1483773
2155,685,4,2,907795,1815590
2156,685,2,2,2992949,5985898
2157,686,18,2,189835,379670
2158,686,20,3,2304049,6912147
2159,686,13,3,802177,2406531
2160,686,16,3,680027,2040081
2161,686,5,1,1738805,1738805
2162,687,9,3,2070096,6210288
2163,687,2,1,1991131,1991131
2164,687,12,2,2115726,4231452
2165,687,8,3,1353008,4059024
2166,687,14,2,1944176,3888352
2167,688,8,2,528077,1056154
2168,688,10,3,483341,1450023
2169,688,3,1,1156787,1156787
2170,688,20,1,842534,842534
2171,688,14,3,390801,1172403
2172,689,10,3,2217164,6651492
2173,690,14,3,2283568,6850704
2174,691,16,3,2988596,8965788
2175,691,21,3,672994,2018982
2176,692,1,3,1932490,5797470
2177,692,20,3,2391120,7173360
2178,692,7,3,1597289,4791867
2179,692,21,1,2923165,2923165
2180,693,20,1,883223,883223
2181,693,2,1,1689523,1689523
2182,693,15,1,2304548,2304548
2183,693,6,2,363517,727034
2184,693,17,2,2228310,4456620
2185,694,6,3,1197591,3592773
2186,694,12,3,644363,1933089
2187,694,4,2,1404843,2809686
2188,694,11,2,1381217,2762434
2189,695,7,2,1062106,2124212
2190,695,1,2,2846826,5693652
2191,695,19,3,298600,895800
2192,696,20,1,2731720,2731720
2193,696,16,2,1528046,3056092
2194,696,2,2,1634333,3268666
2195,696,12,1,171619,171619
2196,697,6,1,575041,575041
2197,697,13,2,2213791,4427582
2198,697,12,1,505441,505441
2199,698,17,1,802761,802761
2200,698,5,3,1199141,3597423
2201,698,14,1,2124253,2124253
2202,698,4,2,1719967,3439934
2203,698,16,2,1678805,3357610
2204,699,6,2,2902636,5805272
2205,699,18,2,828782,1657564
2206,699,9,1,1633683,1633683
2207,699,4,3,1970160,5910480
2208,700,12,3,982420,2947260
2209,701,7,2,318847,637694
2210,702,13,3,1539210,4617630
2211,702,14,1,822399,822399
2212,703,16,1,1916201,1916201
2213,703,9,2,2457385,4914770
2214,704,5,3,1780948,5342844
2215,704,11,1,610252,610252
2216,704,13,1,238718,238718
2217,704,17,1,802390,802390
2218,705,17,1,2995039,2995039
2219,705,1,2,1952145,3904290
2220,705,8,3,183675,551025
2221,706,16,1,1949154,1949154
2222,706,10,1,2740457,2740457
2223,706,20,1,2294295,2294295
2224,706,21,1,1196339,1196339
2225,707,4,3,1950023,5850069
2226,707,9,1,2137650,2137650
2227,707,8,3,582285,1746855
2228,708,20,1,704888,704888
2229,708,6,2,310920,621840
2230,708,7,2,956050,1912100
2231,708,5,1,1938044,1938044
2232,708,8,1,2735651,2735651
2233,709,3,2,1858328,3716656
2234,709,2,3,1435327,4305981
2235,710,8,2,2159890,4319780
2236,710,11,1,2288523,2288523
2237,711,21,2,1674948,3349896
2238,711,2,2,1622303,3244606
2239,711,10,3,1903530,5710590
2240,711,4,1,1491509,1491509
2241,712,6,1,152247,152247
2242,713,11,1,1346706,1346706
2243,714,9,1,1208067,1208067
2244,714,20,2,1674970,3349940
2245,714,4,2,1426564,2853128
2246,714,14,1,556374,556374
2247,715,18,1,1539202,1539202
2248,716,12,3,1708571,5125713
2249,716,19,1,2877339,2877339
2250,716,17,2,1030943,2061886
2251,717,13,1,2610217,2610217
2252,717,3,3,948736,2846208
2253,717,4,1,2019694,2019694
2254,717,5,1,464067,464067
2255,717,19,3,2746317,8238951
2256,718,10,3,794548,2383644
2257,718,16,1,686166,686166
2258,718,7,1,1904110,1904110
2259,719,9,3,642532,1927596
2260,719,18,2,433990,867980
2261,719,12,2,1907430,3814860
2262,719,19,3,2263381,6790143
2263,719,15,1,850176,850176
2264,720,9,3,947718,2843154
2265,720,5,3,1817209,5451627
2266,720,10,2,2383340,4766680
2267,720,2,3,464512,1393536
2268,720,18,1,1986035,1986035
2269,721,13,1,922030,922030
2270,721,18,1,821101,821101
2271,721,21,3,1063551,3190653
2272,721,19,3,187167,561501
2273,721,9,3,2060257,6180771
2274,722,17,3,1276232,3828696
2275,722,9,3,649555,1948665
2276,722,10,1,1089228,1089228
2277,722,8,1,2387937,2387937
2278,722,19,1,1374079,1374079
2279,723,21,1,1314995,1314995
2280,724,9,3,1194415,3583245
2281,724,2,1,2392253,2392253
2282,725,1,3,1607360,4822080
2283,726,12,3,710407,2131221
2284,726,11,2,2714741,5429482
2285,726,3,2,1511618,3023236
2286,726,18,1,2775446,2775446
2287,726,9,1,1641004,1641004
2288,727,9,2,215592,431184
2289,727,6,3,2906989,8720967
2290,728,4,2,1075427,2150854
2291,728,13,2,1277401,2554802
2292,728,9,1,2589674,2589674
2293,728,18,3,1808693,5426079
2294,728,7,1,2020894,2020894
2295,729,14,1,2159100,2159100
2296,729,12,1,2230211,2230211
2297,730,15,1,942135,942135
2298,730,6,3,2207383,6622149
2299,731,21,1,1450906,1450906
2300,731,10,1,895471,895471
2301,732,20,1,1938430,1938430
2302,732,7,1,2058509,2058509
2303,732,3,3,1838225,5514675
2304,732,5,1,2359469,2359469
2305,733,1,1,1734923,1734923
2306,733,20,2,236888,473776
2307,734,1,3,333459,1000377
2308,735,8,2,748257,1496514
2309,735,3,3,2665060,7995180
2310,736,1,1,2424865,2424865
2311,737,3,2,2510769,5021538
2312,737,7,2,834277,1668554
2313,737,5,2,1541486,3082972
2314,738,5,3,1271794,3815382
2315,738,8,3,2430077,7290231
2316,738,2,1,238952,238952
2317,738,18,1,581238,581238
2318,739,10,1,1090835,1090835
2319,739,4,1,1100744,1100744
2320,739,17,2,1766413,3532826
2321,739,14,1,1631889,1631889
2322,739,5,3,1353120,4059360
2323,740,13,2,861182,1722364
2324,740,4,1,1091715,1091715
2325,741,10,2,469983,939966
2326,742,11,3,783771,2351313
2327,742,4,1,1947797,1947797
2328,742,12,3,1554437,4663311
2329,742,3,3,910701,2732103
2330,742,2,3,1933604,5800812
2331,743,10,2,1611235,3222470
2332,743,20,1,1287047,1287047
2333,744,12,1,2900851,2900851
2334,744,9,1,1493251,1493251
2335,744,3,1,1788293,1788293
2336,744,1,2,2156689,4313378
2337,745,4,3,1942868,5828604
2338,746,5,1,912827,912827
2339,746,3,2,1628948,3257896
2340,746,11,2,2222852,4445704
2341,747,16,3,1181413,3544239
2342,747,14,2,1905985,3811970
2343,747,11,3,2234998,6704994
2344,747,5,3,2388796,7166388
2345,748,18,1,2586739,2586739
2346,748,21,3,1919328,5757984
2347,748,8,3,2573789,7721367
2348,748,13,3,1069953,3209859
2349,749,8,2,162021,324042
2350,750,1,3,2137791,6413373
2351,750,12,1,612029,612029
2352,751,12,2,734473,1468946
2353,752,15,2,1167107,2334214
2354,752,5,1,1091986,1091986
2355,752,18,1,727980,727980
2356,753,5,2,260506,521012
2357,754,12,2,2641104,5282208
2358,754,2,1,276608,276608
2359,754,4,1,1681945,1681945
2360,754,3,1,481321,481321
2361,755,3,3,1896906,5690718
2362,755,1,1,915143,915143
2363,756,5,2,1564893,3129786
2364,756,17,2,2854684,5709368
2365,756,10,3,205404,616212
2366,756,16,2,616686,1233372
2367,757,2,3,878048,2634144
2368,757,21,3,822551,2467653
2369,758,13,2,2055457,4110914
2370,759,9,2,807669,1615338
2371,759,19,2,535609,1071218
2372,759,17,3,1733602,5200806
2373,759,10,1,1038623,1038623
2374,759,8,2,2746457,5492914
2375,760,8,2,920467,1840934
2376,761,20,3,2842285,8526855
2377,761,3,2,1745807,3491614
2378,761,15,1,379309,379309
2379,761,16,2,2862234,5724468
2380,761,11,2,966759,1933518
2381,762,4,2,2679962,5359924
2382,762,21,2,267645,535290
2383,762,3,1,1333661,1333661
2384,763,18,1,1038814,1038814
2385,763,4,3,196040,588120
2386,764,7,3,285756,857268
2387,764,18,1,1278972,1278972
2388,764,21,1,2541268,2541268
2389,765,2,2,540954,1081908
2390,765,19,2,185562,371124
2391,765,16,2,1334480,2668960
2392,765,21,2,2248058,4496116
2393,765,18,1,1468993,1468993
2394,766,12,2,2262160,4524320
2395,766,5,1,2256283,2256283
2396,766,4,1,249343,249343
2397,766,11,3,1752692,5258076
2398,767,19,1,2092408,2092408
2399,767,2,1,2775436,2775436
2400,767,10,1,1121275,1121275
2401,767,6,1,2893998,2893998
2402,768,6,3,2703236,8109708
2403,768,17,3,2344825,7034475
2404,769,15,2,1661276,3322552
2405,769,5,3,1957331,5871993
2406,769,11,1,1775855,1775855
2407,770,7,3,464565,1393695
2408,770,20,1,2527754,2527754
2409,771,4,3,515607,1546821
2410,771,1,2,544742,1089484
2411,771,5,2,1465831,2931662
2412,771,10,1,1389870,1389870
2413,772,3,3,1673909,5021727
2414,772,9,2,524254,1048508
2415,773,6,3,2082488,6247464
2416,774,16,3,739078,2217234
2417,774,9,1,2535440,2535440
2418,774,15,2,316063,632126
2419,775,10,3,690999,2072997
2420,775,13,2,1688186,3376372
2421,775,14,3,2769896,8309688
2422,776,12,3,2037823,6113469
2423,776,3,2,328994,657988
2424,776,14,3,2850573,8551719
2425,777,8,3,2502167,7506501
2426,778,5,1,1369118,1369118
2427,779,6,1,1778325,1778325
2428,779,19,2,2956620,5913240
2429,779,13,1,1613551,1613551
2430,779,3,2,2114984,4229968
2431,780,15,2,1966613,3933226
2432,780,4,1,1834098,1834098
2433,780,3,2,420413,840826
2434,780,6,2,1586228,3172456
2435,780,20,3,2189669,6569007
2436,781,16,2,2056641,4113282
2437,781,4,1,2436236,2436236
2438,782,16,3,1045358,3136074
2439,782,5,2,2533231,5066462
2440,783,20,2,411725,823450
2441,784,14,1,1037065,1037065
2442,784,16,1,1923856,1923856
2443,784,7,2,1207263,2414526
2444,785,3,1,1298842,1298842
2445,785,5,2,492712,985424
2446,786,15,1,2958692,2958692
2447,786,14,2,922080,1844160
2448,786,17,1,537726,537726
2449,787,11,2,1907837,3815674
2450,787,10,2,2144389,4288778
2451,787,6,3,823979,2471937
2452,787,7,3,1982004,5946012
2453,788,19,3,2654539,7963617
2454,788,13,1,476353,476353
2455,788,1,3,2951637,8854911
2456,789,20,1,2073755,2073755
2457,789,5,1,2244826,2244826
2458,789,11,2,626501,1253002
2459,789,19,3,1854509,5563527
2460,789,1,2,2333939,4667878
2461,790,15,1,2810417,2810417
2462,791,21,1,937090,937090
2463,791,19,2,2440451,4880902
2464,791,4,1,2670539,2670539
2465,791,2,2,1056545,2113090
2466,792,7,1,1702967,1702967
2467,792,21,2,217911,435822
2468,792,19,2,1437506,2875012
2469,793,4,2,1627280,3254560
2470,793,16,3,1936140,5808420
2471,793,15,3,1558558,4675674
2472,793,14,1,887416,887416
2473,793,18,2,1946771,3893542
2474,794,6,3,1978197,5934591
2475,794,18,2,1345493,2690986
2476,794,21,3,1984981,5954943
2477,795,20,1,525968,525968
2478,795,4,3,218897,656691
2479,795,3,3,1875031,5625093
2480,796,16,3,2766514,8299542
2481,797,4,2,1038651,2077302
2482,797,15,1,2056855,2056855
2483,797,17,3,1748364,5245092
2484,797,2,1,970239,970239
2485,797,10,2,671941,1343882
2486,798,15,1,1721369,1721369
2487,798,14,1,2278864,2278864
2488,798,13,2,1272434,2544868
2489,799,10,1,1888776,1888776
2490,799,14,1,215137,215137
2491,799,8,1,793302,793302
2492,800,17,2,864754,1729508
2493,800,20,3,1953633,5860899
2494,800,11,1,2480940,2480940
2495,801,7,3,1949786,5849358
2496,801,20,1,2818724,2818724
2497,801,13,2,878623,1757246
2498,801,2,2,1484312,2968624
2499,802,6,3,646491,1939473
2500,802,14,3,2569835,7709505
2501,802,8,2,2781163,5562326
2502,802,4,2,2469053,4938106
2503,802,5,1,1502263,1502263
2504,803,3,1,1984676,1984676
2505,803,21,1,2787773,2787773
2506,804,5,1,697558,697558
2507,804,1,2,2811131,5622262
2508,804,18,3,1652069,4956207
2509,804,3,1,1155466,1155466
2510,804,13,3,1080108,3240324
2511,805,7,3,1735895,5207685
2512,805,18,2,2915127,5830254
2513,805,8,1,1303286,1303286
2514,806,5,3,247059,741177
2515,807,4,1,1334735,1334735
2516,807,21,2,907607,1815214
2517,807,15,1,474561,474561
2518,807,20,2,1665810,3331620
2519,807,18,1,1789134,1789134
2520,808,16,1,1885372,1885372
2521,809,16,3,470078,1410234
2522,810,14,2,2807308,5614616
2523,810,13,2,825717,1651434
2524,811,10,1,2916841,2916841
2525,811,1,3,2797500,8392500
2526,812,2,3,2666552,7999656
2527,812,4,3,171032,513096
2528,812,11,1,2338372,2338372
2529,812,12,3,1217454,3652362
2530,812,16,1,958851,958851
2531,813,1,1,1057255,1057255
2532,813,18,2,631457,1262914
2533,813,21,1,273721,273721
2534,813,17,2,731183,1462366
2535,813,20,1,499984,499984
2536,814,9,2,985662,1971324
2537,814,21,1,1611938,1611938
2538,815,21,3,1827478,5482434
2539,815,10,1,1198966,1198966
2540,815,15,1,979953,979953
2541,815,16,3,1328946,3986838
2542,815,14,2,581571,1163142
2543,816,19,2,2021321,4042642
2544,816,10,2,2651188,5302376
2545,816,6,3,1289483,3868449
2546,816,7,2,2762677,5525354
2547,816,16,1,2697182,2697182
2548,817,14,2,2803729,5607458
2549,817,7,1,2034934,2034934
2550,817,19,1,291599,291599
2551,817,12,3,1211425,3634275
2552,818,14,1,630876,630876
2553,818,10,1,1503422,1503422
2554,818,17,2,929783,1859566
2555,818,12,2,1178938,2357876
2556,818,13,1,1052547,1052547
2557,819,12,1,190403,190403
2558,819,5,2,195722,391444
2559,819,11,3,1529378,4588134
2560,820,15,2,1125799,2251598
2561,820,19,3,427810,1283430
2562,821,10,1,581678,581678
2563,821,20,3,1316219,3948657
2564,821,7,3,2699735,8099205
2565,821,17,3,463835,1391505
2566,822,21,1,976794,976794
2567,822,14,1,2221710,2221710
2568,822,20,2,346259,692518
2569,822,11,2,1916797,3833594
2570,822,18,1,670482,670482
2571,823,6,1,2567654,2567654
2572,823,20,1,1345531,1345531
2573,823,11,1,2849733,2849733
2574,823,13,3,169490,508470
2575,824,10,3,2362552,7087656
2576,824,5,1,1565115,1565115
2577,824,13,3,218250,654750
2578,824,2,1,2120875,2120875
2579,825,14,3,1412478,4237434
2580,826,11,1,2483921,2483921
2581,826,12,2,2221225,4442450
2582,826,13,3,347437,1042311
2583,827,10,2,2741983,5483966
2584,827,15,1,272843,272843
2585,827,16,1,350631,350631
2586,827,4,1,731894,731894
2587,828,11,3,1977384,5932152
2588,829,6,1,1697192,1697192
2589,829,3,3,170725,512175
2590,830,9,1,614743,614743
2591,831,10,1,1256151,1256151
2592,832,20,3,864451,2593353
2593,832,13,1,2597180,2597180
2594,832,9,2,652903,1305806
2595,833,11,3,1883480,5650440
2596,833,5,3,2023930,6071790
2597,834,17,3,1158828,3476484
2598,835,16,1,535034,535034
2599,835,21,2,1392496,2784992
2600,835,9,3,497264,1491792
2601,835,11,2,2492582,4985164
2602,835,20,1,2916062,2916062
2603,836,3,2,402777,805554
2604,836,21,1,205063,205063
2605,837,15,1,2195333,2195333
2606,837,13,1,1577951,1577951
2607,838,19,3,1464323,4392969
2608,838,17,2,2054306,4108612
2609,839,17,1,1067650,1067650
2610,839,4,2,1767221,3534442
2611,840,20,1,437894,437894
2612,840,17,2,1924584,3849168
2613,840,7,1,1438266,1438266
2614,840,13,3,2869515,8608545
2615,841,5,2,599517,1199034
2616,842,8,1,2082931,2082931
2617,843,9,2,2926149,5852298
2618,843,1,3,2048513,6145539
2619,844,9,1,1636573,1636573
2620,844,4,2,1039469,2078938
2621,844,18,1,1814836,1814836
2622,845,14,2,1700972,3401944
2623,845,17,1,356084,356084
2624,845,11,3,1754415,5263245
2625,845,2,3,1922464,5767392
2626,845,15,1,1383150,1383150
2627,846,13,3,1307316,3921948
2628,846,6,3,2697822,8093466
2629,847,17,3,1194147,3582441
2630,847,14,1,1070984,1070984
2631,847,4,1,372875,372875
2632,847,2,1,2562691,2562691
2633,848,8,1,1305360,1305360
2634,848,3,1,2751394,2751394
2635,848,18,3,1846845,5540535
2636,849,13,2,1012790,2025580
2637,849,4,1,1003857,1003857
2638,849,8,2,2821348,5642696
2639,849,9,2,2651119,5302238
2640,850,1,3,2759353,8278059
2641,850,4,2,1430622,2861244
2642,850,6,3,1150842,3452526
2643,851,11,1,935779,935779
2644,851,3,2,2059315,4118630
2645,852,1,2,1551124,3102248
2646,852,16,1,894552,894552
2647,853,3,3,1626997,4880991
2648,853,6,2,2595945,5191890
2649,853,1,1,2198109,2198109
2650,854,16,1,222942,222942
2651,854,4,3,1369110,4107330
2652,855,17,1,764813,764813
2653,855,21,1,569398,569398
2654,856,11,3,1621282,4863846
2655,856,15,3,1229360,3688080
2656,856,16,3,2190500,6571500
2657,857,12,2,1413047,2826094
2658,857,15,3,1549802,4649406
2659,857,1,3,2934753,8804259
2660,858,16,1,1871002,1871002
2661,858,4,1,2915585,2915585
2662,858,9,1,1648181,1648181
2663,858,17,2,279623,559246
2664,858,1,1,2572563,2572563
2665,859,12,2,2829043,5658086
2666,859,7,1,1298920,1298920
2667,859,3,3,2997099,8991297
2668,859,20,3,2034372,6103116
2669,860,6,3,1900259,5700777
2670,860,9,2,1447395,2894790
2671,860,12,1,322385,322385
2672,860,11,3,2331364,6994092
2673,860,13,3,1589797,4769391
2674,861,4,1,184959,184959
2675,861,14,2,767112,1534224
2676,861,15,2,780100,1560200
2677,861,12,3,1365432,4096296
2678,861,10,3,2491012,7473036
2679,862,10,2,421021,842042
2680,862,16,2,215399,430798
2681,863,2,1,2198357,2198357
2682,863,7,2,171350,342700
2683,863,10,2,1627466,3254932
2684,863,4,3,152691,458073
2685,864,9,1,1618921,1618921
2686,865,17,1,1285267,1285267
2687,865,18,1,975134,975134
2688,865,5,2,2604610,5209220
2689,866,10,1,284791,284791
2690,867,12,2,561623,1123246
2691,867,8,2,1416774,2833548
2692,867,13,3,1453320,4359960
2693,867,14,1,2515199,2515199
2694,868,11,2,719128,1438256
2695,868,19,2,2474834,4949668
2696,868,5,1,1412746,1412746
2697,868,7,2,509023,1018046
2698,869,19,1,1726915,1726915
2699,869,15,2,552830,1105660
2700,869,18,1,2358600,2358600
2701,870,11,2,1943774,3887548
2702,870,17,2,1913728,3827456
2703,870,12,2,2084765,4169530
2704,870,15,1,2494234,2494234
2705,871,14,1,739658,739658
2706,872,10,1,2754200,2754200
2707,872,8,3,2522191,7566573
2708,872,19,2,374546,749092
2709,872,17,2,678213,1356426
2710,872,12,2,2960516,5921032
2711,873,15,3,2080305,6240915
2712,874,3,1,1283195,1283195
2713,875,11,3,558521,1675563
2714,876,19,1,659367,659367
2715,876,16,3,2602063,7806189
2716,876,11,3,2292538,6877614
2717,877,7,3,754616,2263848
2718,878,16,3,1453970,4361910
2719,878,5,3,177056,531168
2720,878,8,2,2765836,5531672
2721,878,20,3,991796,2975388
2722,878,10,1,431614,431614
2723,879,5,3,657655,1972965
2724,880,4,1,2271497,2271497
2725,880,8,2,1788772,3577544
2726,880,7,1,660914,660914
2727,880,21,2,1846836,3693672
2728,880,16,2,921936,1843872
2729,881,18,3,1991844,5975532
2730,881,9,3,2738550,8215650
2731,882,14,1,2818404,2818404
2732,883,6,1,2907609,2907609
2733,884,6,3,2442946,7328838
2734,884,17,1,2147153,2147153
2735,885,10,2,2950535,5901070
2736,885,21,2,1790766,3581532
2737,885,4,2,600199,1200398
2738,885,16,2,1898590,3797180
2739,886,5,1,2516464,2516464
2740,886,1,2,196219,392438
2741,886,10,3,1419874,4259622
2742,886,15,1,2855783,2855783
2743,887,15,3,2072459,6217377
2744,887,2,2,188252,376504
2745,887,12,1,1650502,1650502
2746,887,5,3,2260597,6781791
2747,887,21,1,1613116,1613116
2748,888,13,2,2901184,5802368
2749,888,17,3,2512012,7536036
2750,888,3,2,2077206,4154412
2751,888,6,3,737367,2212101
2752,888,5,2,2911714,5823428
2753,889,13,2,2128672,4257344
2754,889,3,3,2913928,8741784
2755,889,16,1,2566082,2566082
2756,890,17,3,2739877,8219631
2757,890,9,2,433409,866818
2758,890,5,1,273823,273823
2759,890,11,3,817647,2452941
2760,890,12,1,554919,554919
2761,891,16,3,2148220,6444660
2762,892,8,1,1760962,1760962
2763,892,21,2,419986,839972
2764,892,4,1,2716509,2716509
2765,893,4,2,1720020,3440040
2766,893,2,3,2797839,8393517
2767,893,3,1,880090,880090
2768,894,4,1,2823431,2823431
2769,894,15,3,2483996,7451988
2770,894,13,1,970900,970900
2771,895,16,1,993863,993863
2772,895,15,3,829852,2489556
2773,895,10,2,2366813,4733626
2774,896,3,1,2788702,2788702
2775,896,19,3,553517,1660551
2776,897,2,1,1658108,1658108
2777,897,5,2,2533602,5067204
2778,898,3,1,1020212,1020212
2779,898,11,3,2136979,6410937
2780,898,6,3,1626839,4880517
2781,898,17,2,2744088,5488176
2782,898,16,3,728283,2184849
2783,899,15,2,2773414,5546828
2784,900,3,3,1400854,4202562
2785,900,19,1,644623,644623
2786,900,21,2,1117095,2234190
2787,900,5,1,2672830,2672830
2788,901,11,2,1651163,3302326
2789,901,1,1,812125,812125
2790,901,8,2,463637,927274
2791,901,10,3,2563217,7689651
2792,901,9,1,2321641,2321641
2793,902,17,3,2125427,6376281
2794,902,10,2,2889853,5779706
2795,902,13,1,285370,285370
2796,902,2,2,1917503,3835006
2797,902,4,2,991005,1982010
2798,903,2,3,1532481,4597443
2799,903,5,3,411424,1234272
2800,903,7,1,2220120,2220120
2801,904,19,3,298319,894957
2802,905,3,3,2158113,6474339
2803,905,14,1,1284594,1284594
2804,905,21,3,325074,975222
2805,906,2,2,2279046,4558092
2806,907,21,2,2153168,4306336
2807,907,12,2,1105274,2210548
2808,908,2,1,972814,972814
2809,909,20,1,1773719,1773719
2810,909,13,2,675283,1350566
2811,909,1,2,1940269,3880538
2812,909,18,3,727851,2183553
2813,909,16,1,1986907,1986907
2814,910,20,2,1625510,3251020
2815,911,11,1,1148958,1148958
2816,911,14,1,535837,535837
2817,912,1,1,1198250,1198250
2818,912,8,1,471332,471332
2819,912,14,1,681484,681484
2820,912,18,2,907463,1814926
2821,912,2,2,333372,666744
2822,913,12,2,694069,1388138
2823,913,20,3,1818572,5455716
2824,913,8,2,2908102,5816204
2825,914,3,1,1199410,1199410
2826,915,7,3,1419695,4259085
2827,915,16,2,2462763,4925526
2828,915,12,2,2891581,5783162
2829,915,8,1,2359744,2359744
2830,915,15,2,1487391,2974782
2831,916,17,3,2758319,8274957
2832,916,4,2,1323498,2646996
2833,916,2,1,1003771,1003771
2834,916,12,1,2335211,2335211
2835,916,14,1,1429007,1429007
2836,917,7,1,1996657,1996657
2837,917,4,3,2053219,6159657
2838,917,12,1,239295,239295
2839,917,5,2,291583,583166
2840,917,2,2,1315879,2631758
2841,918,13,3,1760345,5281035
2842,918,10,2,229056,458112
2843,918,3,2,1763394,3526788
2844,918,2,2,336292,672584
2845,918,9,1,1012894,1012894
2846,919,6,3,1429883,4289649
2847,919,14,1,2421421,2421421
2848,919,18,2,259018,518036
2849,919,2,3,1560201,4680603
2850,920,19,2,2756887,5513774
2851,920,7,2,1943271,3886542
2852,920,1,3,389572,1168716
2853,921,18,2,2993610,5987220
2854,922,18,3,2533635,7600905
2855,922,15,3,1240941,3722823
2856,922,14,1,1749250,1749250
2857,923,8,3,1300886,3902658
2858,923,5,1,1198293,1198293
2859,923,1,3,1390779,4172337
2860,923,9,2,2545294,5090588
2861,924,2,2,2915010,5830020
2862,924,20,2,2889010,5778020
2863,924,9,3,201754,605262
2864,924,12,1,1437211,1437211
2865,925,11,1,1995113,1995113
2866,925,9,1,2106389,2106389
2867,925,6,1,1654596,1654596
2868,925,15,2,2824888,5649776
2869,925,18,3,1063697,3191091
2870,926,2,3,2462940,7388820
2871,926,19,2,418617,837234
2872,926,3,2,904152,1808304
2873,926,9,2,1308233,2616466
2874,927,16,3,881886,2645658
2875,927,5,1,2741867,2741867
2876,927,8,3,357952,1073856
2877,928,4,1,2275334,2275334
2878,928,2,2,2582237,5164474
2879,929,2,1,1236554,1236554
2880,929,18,2,217604,435208
2881,929,8,3,1631994,4895982
2882,930,2,1,2276251,2276251
2883,930,20,2,624722,1249444
2884,930,8,3,474849,1424547
2885,930,12,1,1005813,1005813
2886,930,4,2,2542287,5084574
2887,931,14,2,750118,1500236
2888,931,3,1,1519610,1519610
2889,931,21,3,1661152,4983456
2890,932,14,2,2758506,5517012
2891,932,12,1,822400,822400
2892,932,16,2,337110,674220
2893,933,5,1,2704491,2704491
2894,933,19,1,1463260,1463260
2895,933,1,3,2281470,6844410
2896,934,12,2,2872992,5745984
2897,934,7,1,474267,474267
2898,934,13,1,2521469,2521469
2899,934,2,3,2559372,7678116
2900,934,5,3,2449455,7348365
2901,935,18,3,2131092,6393276
2902,935,4,3,2349694,7049082
2903,935,17,3,1999761,5999283
2904,935,2,2,1279034,2558068
2905,936,19,1,1528602,1528602
2906,936,10,1,1668191,1668191
2907,937,15,3,634093,1902279
2908,937,11,3,1161022,3483066
2909,938,14,3,2270822,6812466
2910,938,12,1,1669583,1669583
2911,938,3,3,2180691,6542073
2912,938,20,3,1116157,3348471
2913,939,14,3,1177369,3532107
2914,939,8,2,2977401,5954802
2915,939,19,3,2942998,8828994
2916,939,5,1,2689842,2689842
2917,940,10,1,491860,491860
2918,940,11,2,1915896,3831792
2919,940,20,3,772428,2317284
2920,941,16,1,656625,656625
2921,941,7,2,1254679,2509358
2922,941,6,3,2120736,6362208
2923,941,15,3,573605,1720815
2924,941,1,1,292923,292923
2925,942,1,3,2370085,7110255
2926,942,6,2,1921500,3843000
2927,942,3,2,684576,1369152
2928,942,5,2,2485978,4971956
2929,943,10,2,1561972,3123944
2930,943,4,3,2703313,8109939
2931,944,4,2,2795901,5591802
2932,944,2,2,1977416,3954832
2933,944,3,2,2151127,4302254
2934,944,12,3,714576,2143728
2935,944,15,3,919448,2758344
2936,945,17,3,2873800,8621400
2937,945,3,2,1741212,3482424
2938,945,5,2,1989567,3979134
2939,945,1,1,2283504,2283504
2940,945,12,3,2616589,7849767
2941,946,4,2,1580749,3161498
2942,946,8,1,2516138,2516138
2943,946,10,3,2352821,7058463
2944,947,17,2,898330,1796660
2945,947,14,1,325885,325885
2946,947,10,3,1033658,3100974
2947,947,11,2,2327409,4654818
2948,947,13,2,2562302,5124604
2949,948,11,1,1357301,1357301
2950,948,4,2,2191098,4382196
2951,948,12,2,1087986,2175972
2952,948,10,1,1359967,1359967
2953,948,6,2,2692462,5384924
2954,949,8,3,1318653,3955959
2955,950,4,3,2283634,6850902
2956,950,7,1,264714,264714
2957,951,2,2,258117,516234
2958,951,18,2,1002034,2004068
2959,951,20,2,2545640,5091280
2960,951,7,2,2015729,4031458
2961,951,1,3,679231,2037693
2962,952,10,2,2218863,4437726
2963,952,4,2,514333,1028666
2964,952,20,1,1317917,1317917
2965,952,15,3,2954796,8864388
2966,953,12,1,1082988,1082988
2967,954,11,1,2276764,2276764
2968,955,9,3,460749,1382247
2969,955,15,3,1470408,4411224
2970,955,17,1,1967717,1967717
2971,956,17,2,948589,1897178
2972,957,21,3,1727935,5183805
2973,957,2,1,2974224,2974224
2974,957,1,1,1262690,1262690
2975,957,8,2,785156,1570312
2976,957,5,2,934774,1869548
2977,958,10,3,1048374,3145122
2978,958,5,1,1971665,1971665
2979,958,7,1,2208107,2208107
2980,958,3,3,2713630,8140890
2981,959,6,2,1253411,2506822
2982,959,2,3,1745052,5235156
2983,960,8,2,1122631,2245262
2984,960,12,2,2951693,5903386
2985,960,16,2,2206139,4412278
2986,960,17,3,1795048,5385144
2987,960,6,3,1647902,4943706
2988,961,16,2,1909904,3819808
2989,961,10,2,1514814,3029628
2990,961,4,1,2928383,2928383
2991,961,8,2,635780,1271560
2992,961,19,1,2099243,2099243
2993,962,4,3,687113,2061339
2994,962,12,2,2201746,4403492
2995,962,13,3,1878065,5634195
2996,963,1,2,2278556,4557112
2997,963,10,1,1865494,1865494
2998,964,18,2,1247251,2494502
2999,965,14,2,1822183,3644366
3000,965,13,2,379148,758296
3001,965,15,2,2186357,4372714
3002,966,11,2,2027522,4055044
3003,966,2,2,1078241,2156482
3004,967,6,1,2687391,2687391
3005,967,18,3,233550,700650
3006,967,7,3,238574,715722
3007,967,4,2,528547,1057094
3008,967,11,3,1547911,4643733
3009,968,18,3,1032747,3098241
3010,968,3,2,2395935,4791870
3011,968,2,1,808475,808475
3012,969,13,2,1883905,3767810
3013,969,8,1,2469245,2469245
3014,969,10,3,1193139,3579417
3015,969,6,1,301309,301309
3016,969,12,1,2358533,2358533
3017,970,17,2,2183817,4367634
3018,971,6,2,1414441,2828882
3019,972,8,3,1187288,3561864
3020,973,9,3,668595,2005785
3021,974,21,1,470977,470977
3022,974,13,1,2266066,2266066
3023,974,5,3,1892230,5676690
3024,974,9,1,211831,211831
3025,975,20,3,1459418,4378254
3026,975,5,2,1933219,3866438
3027,975,4,3,248280,744840
3028,975,13,2,1299447,2598894
3029,975,7,2,1000045,2000090
3030,976,9,3,2566762,7700286
3031,977,13,1,1854274,1854274
3032,977,10,3,1318356,3955068
3033,977,14,2,1342956,2685912
3034,977,3,3,2386419,7159257
3035,978,8,2,2442528,4885056
3036,978,13,3,604261,1812783
3037,978,1,2,1089779,2179558
3038,978,16,3,254404,763212
3039,978,20,2,1123563,2247126
3040,979,12,3,1452792,4358376
3041,979,16,2,753020,1506040
3042,979,19,3,500788,1502364
3043,979,4,1,2502523,2502523
3044,980,7,3,1198446,3595338
3045,980,16,1,742783,742783
3046,981,20,1,2219544,2219544
3047,981,16,2,1877460,3754920
3048,981,17,2,1567123,3134246
3049,981,8,1,303132,303132
3050,982,19,1,1274681,1274681
3051,982,20,3,1027549,3082647
3052,982,14,3,2199869,6599607
3053,983,16,3,2175833,6527499
3054,983,11,3,2477030,7431090
3055,983,8,3,491560,1474680
3056,983,20,1,1935523,1935523
3057,983,15,3,475077,1425231
3058,984,5,3,659514,1978542
3059,984,1,1,977819,977819
3060,984,6,2,626743,1253486
3061,984,17,1,1929149,1929149
3062,985,6,3,2444641,7333923
3063,985,17,2,1825228,3650456
3064,985,16,1,1394664,1394664
3065,985,5,1,1976532,1976532
3066,986,9,3,1708736,5126208
3067,986,17,3,2877223,8631669
3068,986,11,1,743567,743567
3069,987,17,3,2685531,8056593
3070,987,7,2,2130173,4260346
3071,987,12,2,1033392,2066784
3072,988,5,3,2137556,6412668
3073,988,6,1,1482480,1482480
3074,988,17,2,901727,1803454
3075,989,16,1,1457953,1457953
3076,989,3,3,937163,2811489
3077,990,4,2,1538461,3076922
3078,990,18,1,406304,406304
3079,991,15,3,2495270,7485810
3080,991,20,1,1596856,1596856
3081,991,6,3,209263,627789
3082,991,3,1,1301674,1301674
3083,991,12,2,1937468,3874936
3084,992,10,1,2635708,2635708
3085,992,12,1,581913,581913
3086,992,13,3,1057821,3173463
3087,992,9,2,897950,1795900
3088,992,7,2,2514160,5028320
3089,993,5,3,2613386,7840158
3090,994,11,3,2733218,8199654
3091,994,19,3,2135612,6406836
3092,994,20,1,855059,855059
3093,994,9,1,1122369,1122369
3094,995,3,1,751183,751183
3095,995,20,1,2144240,2144240
3096,996,11,1,368897,368897
3097,997,17,2,2938550,5877100
3098,997,15,2,1521912,3043824
3099,998,17,3,1799396,5398188
3100,998,4,2,1767029,3534058
3101,998,8,3,2140104,6420312
3102,999,10,3,477993,1433979
3103,999,17,3,1047158,3141474
3104,999,11,1,2808223,2808223
3105,1000,5,2,2205601,4411202
3106,1000,14,3,1200836,3602508
3107,1000,18,3,654322,1962966