Id_orden,Id_productos,Cantidad,Subtotal,Precio_unitario
1,9,1,1706172,1706172
1,3,2,3398764,1699382
1,18,1,2019717,2019717
1,13,1,1254343,1254343
2,15,3,1225602,408534
2,9,1,2949565,2949565
2,8,1,509482,509482
2,20,3,4775895,1591965
3,14,2,4683736,2341868
3,19,2,4792220,2396110
3,8,3,6424671,2141557
3,18,3,3415062,1138354
3,2,2,2806952,1403476
4,13,3,886983,295661
5,19,2,1750212,875106
5,17,1,1038731,1038731
5,21,1,679262,679262
5,5,1,1925763,1925763
5,4,1,1976171,1976171
6,21,3,3694959,1231653
6,5,2,862136,431068
7,13,3,5449881,1816627
8,11,3,8289882,2763294
8,9,3,7025349,2341783
8,17,2,1243876,621938
8,15,2,1555290,777645
8,1,1,2526467,2526467
9,19,3,4776873,1592291
9,4,2,2515738,1257869
9,20,2,5792756,2896378
9,21,2,5098478,2549239
9,10,3,6402303,2134101
10,6,2,3680390,1840195
11,20,3,5504805,1834935
11,21,1,1810075,1810075
12,8,2,3424258,1712129
12,2,1,1567113,1567113
12,16,2,2908430,1454215
13,16,1,1410306,1410306
13,4,3,6025620,2008540
13,8,2,2560058,1280029
14,20,1,1857796,1857796
14,3,3,6545919,2181973
14,7,3,5154879,1718293
14,15,1,2311197,2311197
15,3,3,6826959,2275653
15,10,2,1437912,718956
16,19,1,1196438,1196438
16,1,1,2064484,2064484
16,6,1,1661522,1661522
16,7,3,2955378,985126
16,18,2,3389958,1694979
17,17,1,1712238,1712238
17,13,2,5283198,2641599
17,4,2,1789678,894839
17,1,2,5223108,2611554
18,12,2,530270,265135
18,21,2,716502,358251
18,6,1,2550224,2550224
18,9,1,1078413,1078413
18,3,3,3282564,1094188
19,9,3,702315,234105
19,14,3,561960,187320
20,5,2,5403158,2701579
20,6,2,5691696,2845848
20,1,2,3855148,1927574
20,8,2,3225184,1612592
21,9,3,7001139,2333713
21,7,3,5447334,1815778
21,15,3,1737384,579128
21,10,1,2295444,2295444
22,18,2,1206846,603423
22,20,2,835504,417752
22,10,2,2619308,1309654
23,9,1,778849,778849
23,21,3,3473697,1157899
23,10,1,2666722,2666722
24,11,2,2476224,1238112
24,5,2,3694020,1847010
24,1,2,596276,298138
24,16,3,7647957,2549319
25,11,3,7177266,2392422
25,8,3,6436134,2145378
26,17,3,7474386,2491462
26,10,1,1382219,1382219
26,6,1,2124598,2124598
27,9,1,1557744,1557744
27,18,3,1573650,524550
28,12,3,4314024,1438008
28,8,2,3079288,1539644
29,9,2,1288022,644011
29,19,2,750274,375137
29,10,3,7793067,2597689
30,20,1,1750836,1750836
30,3,3,4204182,1401394
30,16,2,753504,376752
30,7,1,726151,726151
30,17,1,1587261,1587261
31,19,3,2719413,906471
31,15,1,2195062,2195062
31,5,2,5593486,2796743
31,11,1,1464553,1464553
32,1,2,2594518,1297259
33,6,1,2203435,2203435
33,19,1,692767,692767
34,14,2,339166,169583
34,21,1,2388846,2388846
34,13,1,1714900,1714900
34,20,1,1501459,1501459
34,16,3,2848008,949336
35,1,3,3580917,1193639
36,12,1,580789,580789
36,10,2,4522292,2261146
37,10,2,4124586,2062293
37,6,3,6996741,2332247
37,3,3,7044924,2348308
37,2,2,3937846,1968923
37,21,3,2133459,711153
38,16,1,1841947,1841947
38,12,1,1108055,1108055
38,7,1,700316,700316
39,1,3,2576319,858773
39,19,1,1687595,1687595
40,13,3,3668571,1222857
41,20,1,635657,635657
41,2,2,4027178,2013589
41,21,2,1336790,668395
41,4,3,3630183,1210061
41,1,2,1584522,792261
42,21,2,3830524,1915262
42,1,3,1720620,573540
43,9,3,8222439,2740813
43,20,1,1335758,1335758
43,5,1,595702,595702
43,14,2,1966368,983184
43,4,3,2963427,987809
44,17,3,5605926,1868642
44,7,2,1645310,822655
44,12,1,2449060,2449060
45,7,1,203474,203474
45,16,3,1569912,523304
45,11,1,2558171,2558171
45,8,3,6667266,2222422
46,3,1,574843,574843
46,17,2,5705088,2852544
47,15,2,4194640,2097320
47,10,1,568628,568628
48,2,2,5977128,2988564
48,10,2,3873506,1936753
49,4,1,190568,190568
50,21,2,3299156,1649578
50,6,2,5516094,2758047
51,3,1,627446,627446
51,12,2,3657542,1828771
51,11,2,2580300,1290150
52,16,1,395980,395980
52,14,1,585004,585004
52,6,2,5255572,2627786
52,4,2,5072642,2536321
53,6,3,812592,270864
53,20,3,2094024,698008
53,13,2,4394670,2197335
53,12,1,1875051,1875051
54,2,1,2993439,2993439
54,3,3,7705923,2568641
54,9,3,7559499,2519833
54,11,1,2959530,2959530
55,17,2,5850852,2925426
55,21,3,3577821,1192607
55,4,2,3200356,1600178
56,5,3,2424603,808201
56,18,3,6355020,2118340
56,2,2,1687508,843754
56,1,1,2212121,2212121
57,8,1,2276215,2276215
57,11,1,2458945,2458945
57,9,3,5214363,1738121
58,8,3,6088383,2029461
58,3,1,2240676,2240676
58,15,2,2951316,1475658
58,19,1,2236135,2236135
59,4,2,3758946,1879473
60,18,3,452133,150711
61,20,3,8472084,2824028
62,17,3,8899101,2966367
62,18,2,3159292,1579646
62,7,2,755292,377646
63,15,3,8248359,2749453
63,11,3,6403398,2134466
64,15,3,3240222,1080074
64,4,1,1581755,1581755
64,20,2,5615534,2807767
65,18,3,1787841,595947
65,17,1,838517,838517
65,12,2,1478172,739086
66,4,1,1797927,1797927
66,9,1,2066989,2066989
66,7,1,1567396,1567396
66,19,1,1888414,1888414
67,21,3,7858956,2619652
68,15,2,5823534,2911767
69,17,3,1061172,353724
69,5,3,5896014,1965338
69,16,3,6526689,2175563
69,1,3,2679720,893240
69,21,3,7729896,2576632
70,5,2,5815692,2907846
70,4,3,8077266,2692422
71,17,3,3573564,1191188
71,13,2,3637574,1818787
71,14,2,2767706,1383853
72,5,2,4895328,2447664
72,21,2,4943778,2471889
72,14,3,3184800,1061600
72,17,1,1029598,1029598
73,10,3,8463771,2821257
73,12,2,1268088,634044
73,5,2,5016748,2508374
73,6,2,5188932,2594466
73,17,3,8844780,2948260
74,18,3,1789707,596569
74,10,1,1747485,1747485
74,14,1,372570,372570
74,1,3,1162251,387417
75,9,2,2401858,1200929
75,6,1,410184,410184
76,7,2,4096636,2048318
76,18,1,2734147,2734147
76,2,3,7520148,2506716
77,21,2,2293094,1146547
77,18,3,4069329,1356443
78,13,2,3794410,1897205
79,18,3,3612603,1204201
79,2,1,2752824,2752824
79,1,2,2192036,1096018
80,19,3,2884764,961588
80,18,2,4064932,2032466
80,7,1,462345,462345
81,6,1,1732084,1732084
81,17,1,1947292,1947292
82,18,1,2599415,2599415
82,9,2,347354,173677
82,5,2,4211870,2105935
83,2,2,5306994,2653497
83,5,1,2772977,2772977
84,10,1,1483197,1483197
84,16,3,3217761,1072587
84,19,1,2333581,2333581
84,18,1,2268712,2268712
84,12,1,1894542,1894542
85,18,1,2932226,2932226
85,13,2,3077186,1538593
85,3,2,2762680,1381340
85,12,1,2743256,2743256
85,8,3,6425085,2141695
86,21,1,2843851,2843851
86,1,3,8265645,2755215
86,4,1,317257,317257
86,12,3,4488321,1496107
86,15,2,1251050,625525
87,9,3,5168064,1722688
87,18,3,6851373,2283791
87,10,2,4383612,2191806
87,1,1,1393334,1393334
88,11,1,552470,552470
88,17,1,2406429,2406429
89,1,1,1012263,1012263
89,3,3,5926557,1975519
89,7,3,1357485,452495
89,19,3,2384679,794893
89,14,1,2076130,2076130
90,2,1,896553,896553
90,3,2,4981548,2490774
90,20,1,2561566,2561566
91,9,2,4084316,2042158
91,14,3,5539131,1846377
92,11,3,524223,174741
92,1,3,8230635,2743545
92,13,1,2606218,2606218
92,4,1,454462,454462
93,17,3,4241868,1413956
93,4,3,1538487,512829
93,10,2,3971492,1985746
94,13,3,3216549,1072183
94,1,1,1789941,1789941
94,16,3,4161687,1387229
94,6,3,2262888,754296
95,21,3,7434393,2478131
95,12,1,666885,666885
95,1,1,171096,171096
96,20,2,2062050,1031025
96,13,3,4776654,1592218
96,18,1,1880798,1880798
96,19,3,6899403,2299801
96,3,1,825091,825091
97,8,2,1930126,965063
97,20,1,910670,910670
98,2,2,5934504,2967252
98,18,1,1201460,1201460
98,15,1,978029,978029
98,20,3,7755582,2585194
98,3,2,3075378,1537689
99,5,2,5496874,2748437
99,8,1,961591,961591
99,4,2,4375698,2187849
100,11,3,7582773,2527591
100,20,2,2953594,1476797
100,10,2,1714650,857325
100,5,1,1463718,1463718
101,8,2,3315586,1657793
101,14,1,1540675,1540675
102,15,2,4927758,2463879
102,21,1,887233,887233
102,12,3,8083140,2694380
102,10,1,1326988,1326988
103,18,2,5556460,2778230
103,7,1,466250,466250
104,17,3,842514,280838
105,19,3,3729312,1243104
105,13,3,7240707,2413569
105,21,2,5785378,2892689
105,7,1,1684354,1684354
105,2,2,2173230,1086615
106,10,1,1814237,1814237
106,5,2,4512484,2256242
106,15,1,2929475,2929475
106,17,1,2725453,2725453
106,18,3,2536794,845598
107,5,3,6533880,2177960
107,15,2,639066,319533
107,6,1,2195319,2195319
107,19,1,413658,413658
107,21,2,3399046,1699523
108,2,3,4995594,1665198
108,7,2,4239912,2119956
109,2,3,7010388,2336796
109,21,3,3891366,1297122
109,11,3,3763281,1254427
109,4,3,7299507,2433169
110,6,3,3615687,1205229
110,13,2,2169814,1084907
110,20,3,5556675,1852225
110,12,2,3194340,1597170
110,3,2,4344232,2172116
111,1,1,473331,473331
111,17,3,8546814,2848938
111,5,2,2074334,1037167
111,15,1,933939,933939
111,6,1,1669273,1669273
112,4,2,5964234,2982117
112,8,2,4318320,2159160
112,14,1,2627956,2627956
112,11,1,2864801,2864801
112,21,2,488290,244145
113,2,3,7903458,2634486
113,5,1,715073,715073
114,2,2,1810264,905132
114,19,3,5551821,1850607
114,5,3,7541787,2513929
114,21,3,684294,228098
114,6,3,8776677,2925559
115,3,3,6381753,2127251
115,7,2,1730816,865408
115,15,1,1872881,1872881
116,5,1,1587267,1587267
116,19,2,5304084,2652042
116,6,3,1316244,438748
116,17,1,1736333,1736333
116,9,2,1409084,704542
117,1,1,2342410,2342410
118,14,3,7997403,2665801
118,5,1,2378978,2378978
118,4,3,1928697,642899
118,6,1,2172665,2172665
118,16,3,2089914,696638
119,18,2,664386,332193
119,1,3,7116633,2372211
119,14,2,2225070,1112535
119,17,2,3498042,1749021
119,19,2,5241292,2620646
120,4,1,501556,501556
120,14,2,5318838,2659419
120,5,3,5591964,1863988
120,9,2,1885622,942811
120,16,1,179838,179838
121,17,3,3034764,1011588
121,4,3,4424961,1474987
121,21,2,3338938,1669469
121,1,1,799188,799188
121,13,2,5765814,2882907
122,9,3,3917352,1305784
122,21,3,5451129,1817043
122,18,1,1883204,1883204
122,14,3,7465761,2488587
122,12,2,1799208,899604
123,18,2,2872392,1436196
123,21,3,4783005,1594335
123,16,3,5459631,1819877
124,4,2,1657234,828617
124,8,1,1049502,1049502
125,13,2,5634118,2817059
125,11,1,532053,532053
125,18,1,2128321,2128321
125,2,3,5928315,1976105
125,6,1,418772,418772
126,8,3,925071,308357
126,12,3,5285940,1761980
126,3,2,5450316,2725158
127,10,2,389844,194922
127,20,1,2905172,2905172
127,2,3,4048794,1349598
127,6,1,290967,290967
127,16,3,6874176,2291392
128,8,1,2897349,2897349
128,20,1,810371,810371
128,6,1,1307363,1307363
128,2,2,3262248,1631124
128,12,3,5422050,1807350
129,19,3,1313403,437801
129,7,1,2455158,2455158
129,17,2,4990186,2495093
129,1,3,4830051,1610017
130,9,2,3688632,1844316
130,8,3,508527,169509
130,7,2,1768298,884149
131,17,3,4152543,1384181
131,4,2,1281542,640771
131,18,3,3692532,1230844
131,3,3,7683837,2561279
132,15,2,2340722,1170361
132,13,2,4149098,2074549
132,19,3,6247203,2082401
133,1,2,5615540,2807770
133,16,1,2989178,2989178
133,4,3,3343188,1114396
133,9,2,3759678,1879839
133,3,2,4632750,2316375
134,1,2,5951386,2975693
134,9,3,4753266,1584422
134,8,1,2475957,2475957
134,10,1,2148818,2148818
134,3,2,3265690,1632845
135,19,1,947620,947620
135,9,2,1974924,987462
136,8,1,1111366,1111366
136,9,1,1197298,1197298
137,12,3,8797806,2932602
137,5,2,5449152,2724576
137,4,1,2421106,2421106
137,19,1,2172879,2172879
137,3,2,5506536,2753268
138,16,2,1834040,917020
138,19,3,3976569,1325523
138,9,2,2163048,1081524
139,5,3,859731,286577
139,2,3,4819905,1606635
139,17,2,1766330,883165
139,14,2,1309720,654860
139,16,3,6970527,2323509
140,11,2,5173850,2586925
140,1,1,1514978,1514978
140,20,2,5440354,2720177
140,7,2,1869948,934974
141,9,2,1842778,921389
141,8,2,3856290,1928145
141,21,1,1907803,1907803
141,16,3,5134737,1711579
141,11,2,3660414,1830207
142,15,1,2565469,2565469
142,6,3,3326034,1108678
142,19,1,1282248,1282248
143,18,2,1944696,972348
143,14,1,777250,777250
144,1,1,2795146,2795146
144,6,3,7169055,2389685
144,14,3,4422768,1474256
144,16,2,2816868,1408434
145,18,2,1130260,565130
145,19,3,2505315,835105
145,2,1,1053735,1053735
146,16,3,4660953,1553651
146,4,2,3327968,1663984
146,15,2,5000556,2500278
147,9,2,5379938,2689969
147,12,1,2569500,2569500
147,1,3,8627199,2875733
147,14,3,7225119,2408373
147,4,1,1343735,1343735
148,11,3,6073680,2024560
148,17,1,1748327,1748327
148,16,3,4055298,1351766
149,21,2,5595504,2797752
149,5,3,7642863,2547621
149,6,2,898476,449238
149,11,1,829475,829475
150,8,3,4116111,1372037
150,11,3,3815580,1271860
150,20,3,8561502,2853834
151,9,2,3772790,1886395
151,15,1,921274,921274
151,12,1,674455,674455
151,17,3,3402291,1134097
152,3,2,1164104,582052
152,7,1,417564,417564
152,6,2,4900594,2450297
153,1,2,4695486,2347743
154,4,2,5485016,2742508
155,3,2,2223976,1111988
155,13,1,1341917,1341917
156,21,1,269836,269836
156,5,1,2933126,2933126
156,20,2,3027986,1513993
156,17,2,4219102,2109551
157,9,3,7969347,2656449
157,18,2,5593610,2796805
157,15,3,8450856,2816952
157,5,3,5923281,1974427
157,6,3,8500377,2833459
158,10,1,2003296,2003296
158,12,2,3368412,1684206
158,16,2,2479418,1239709
158,18,1,1423277,1423277
158,8,1,150387,150387
159,5,3,6639930,2213310
159,12,2,2813314,1406657
159,10,1,1955376,1955376
159,16,2,5308030,2654015
159,1,1,180274,180274
160,12,2,2396280,1198140
160,7,1,2859481,2859481
160,14,2,3473896,1736948
160,18,1,1253019,1253019
160,19,1,1921000,1921000
161,17,3,3870852,1290284
161,20,2,5739650,2869825
162,9,1,1364650,1364650
162,14,1,2821321,2821321
162,7,2,5481888,2740944
162,3,2,2582826,1291413
162,6,3,8286054,2762018
163,7,1,2393829,2393829
163,11,1,929878,929878
163,1,1,1333274,1333274
163,5,2,1348904,674452
164,1,1,2220222,2220222
164,8,1,1584086,1584086
164,3,2,2913694,1456847
164,5,2,3415504,1707752
165,2,1,1267797,1267797
165,11,2,898818,449409
165,3,3,6365814,2121938
165,5,1,956112,956112
166,13,3,3582669,1194223
166,1,2,4015824,2007912
166,4,1,290552,290552
167,15,3,8830317,2943439
167,4,1,2133174,2133174
168,10,3,7365315,2455105
168,11,3,1986894,662298
168,6,2,4336846,2168423
168,2,3,4209936,1403312
169,12,3,3190410,1063470
169,2,1,1139712,1139712
170,11,3,1955538,651846
170,1,2,2339180,1169590
170,6,1,326132,326132
170,9,3,6430287,2143429
171,5,2,1066730,533365
171,12,3,8234352,2744784
171,3,2,5543990,2771995
171,8,1,400715,400715
171,6,2,5707086,2853543
172,18,1,2196161,2196161
172,4,1,1478501,1478501
173,21,3,5203431,1734477
173,12,2,1430214,715107
173,15,2,631252,315626
173,7,2,3970016,1985008
173,1,3,4158366,1386122
174,16,2,4229178,2114589
174,7,2,5322090,2661045
174,19,3,2467587,822529
174,6,1,2377751,2377751
174,12,1,2034853,2034853
175,9,2,306038,153019
175,18,3,6816420,2272140
175,12,2,1856374,928187
176,20,2,5502592,2751296
177,11,3,7231641,2410547
177,3,2,1892740,946370
178,16,2,5676290,2838145
178,18,2,1226640,613320
178,5,1,2344462,2344462
178,10,3,1289025,429675
178,11,1,694312,694312
179,2,1,2185790,2185790
179,7,1,564202,564202
180,19,3,5339703,1779901
181,17,1,1686600,1686600
181,20,1,2691553,2691553
181,19,3,1341798,447266
181,9,1,1025511,1025511
182,3,3,5683902,1894634
182,15,2,789056,394528
182,2,3,3794733,1264911
182,12,3,961533,320511
183,10,1,1055550,1055550
184,4,1,960001,960001
184,21,3,8715417,2905139
184,8,1,2540869,2540869
184,18,3,2701056,900352
184,13,3,7473045,2491015
185,4,3,8820684,2940228
185,19,2,1173274,586637
185,12,1,906637,906637
185,15,3,5502756,1834252
186,11,2,4914416,2457208
186,6,2,3418208,1709104
186,18,2,5612008,2806004
186,15,2,3013302,1506651
186,12,3,3478989,1159663
187,18,2,4095034,2047517
187,7,2,3631036,1815518
187,13,1,295386,295386
187,21,2,5297620,2648810
187,9,1,2321011,2321011
188,10,2,2161320,1080660
188,1,1,1470805,1470805
189,9,3,6883284,2294428
190,19,2,3283456,1641728
190,21,1,730526,730526
190,5,2,3379314,1689657
190,4,3,3593925,1197975
190,2,1,1224764,1224764
191,3,3,3185994,1061998
191,19,3,1421418,473806
191,13,3,4535571,1511857
192,6,3,8531433,2843811
192,16,2,613494,306747
192,19,3,7701327,2567109
192,4,2,958316,479158
193,11,2,3943208,1971604
194,4,1,1428354,1428354
194,8,3,968190,322730
194,1,2,4829258,2414629
194,13,3,2332152,777384
195,17,1,2975430,2975430
195,8,3,5393607,1797869
195,5,2,5292330,2646165
196,17,2,1541618,770809
196,3,1,1559991,1559991
196,8,1,2145879,2145879
196,14,3,1070475,356825
196,10,3,5472987,1824329
197,3,2,1393666,696833
197,13,1,2167135,2167135
197,17,3,2942781,980927
198,13,3,7046562,2348854
198,19,1,1166343,1166343
198,7,1,1266763,1266763
198,18,2,3012972,1506486
199,3,2,1897942,948971
199,4,2,3190084,1595042
199,14,3,8696964,2898988
199,19,1,1428502,1428502
199,12,1,1616816,1616816
200,15,1,987540,987540
200,20,3,5153754,1717918
200,5,1,509931,509931
200,21,1,378749,378749
200,2,1,2754673,2754673
201,10,2,1233466,616733
201,1,2,4075390,2037695
202,1,1,1004804,1004804
202,11,3,7034208,2344736
202,7,2,4903668,2451834
202,18,2,5526454,2763227
203,1,3,8799117,2933039
203,13,3,997128,332376
204,6,1,2741932,2741932
204,2,2,745310,372655
204,10,2,5792506,2896253
205,3,2,5839608,2919804
206,12,2,5747654,2873827
206,4,2,2239182,1119591
206,1,2,4565944,2282972
207,11,2,5308890,2654445
208,3,3,720387,240129
208,6,1,1187637,1187637
208,7,3,4286874,1428958
208,17,2,4409854,2204927
208,15,2,1617054,808527
209,12,3,4878090,1626030
210,21,3,3921351,1307117
210,10,1,2774763,2774763
210,8,2,3547822,1773911
211,18,2,2192324,1096162
212,11,3,2177139,725713
212,13,1,1753092,1753092
213,20,2,2920456,1460228
213,8,3,4593360,1531120
213,14,2,4848586,2424293
213,21,1,1017202,1017202
213,5,3,2193696,731232
214,18,1,1953820,1953820
214,7,1,2902435,2902435
214,5,3,2438703,812901
214,10,2,868864,434432
214,17,3,7156206,2385402
215,6,2,1520732,760366
216,11,2,3749828,1874914
217,15,1,597831,597831
217,9,1,924882,924882
217,5,1,2716836,2716836
218,9,1,259406,259406
218,20,2,966688,483344
218,19,3,6447042,2149014
218,8,1,2256902,2256902
218,18,3,6348408,2116136
219,6,2,1453540,726770
219,13,1,960590,960590
219,16,1,285180,285180
220,1,3,8897400,2965800
220,9,1,1007995,1007995
220,14,1,892719,892719
220,8,2,5476268,2738134
221,11,2,650864,325432
221,15,3,5236212,1745404
221,8,3,4387161,1462387
221,14,2,5429674,2714837
222,20,1,2044187,2044187
222,18,2,655810,327905
222,17,1,2325596,2325596
222,2,3,5427939,1809313
222,19,3,943899,314633
223,13,2,3639000,1819500
223,17,2,2698424,1349212
223,2,2,1696590,848295
223,7,2,2769770,1384885
223,10,3,1136355,378785
224,5,1,904015,904015
224,15,3,7325391,2441797
224,20,1,1798641,1798641
224,3,2,3013386,1506693
224,17,2,508976,254488
225,15,3,2990892,996964
225,19,2,1056480,528240
226,11,1,628842,628842
226,6,3,6104739,2034913
226,4,3,5016882,1672294
227,17,3,5282937,1760979
228,20,1,866743,866743
228,6,2,5043686,2521843
228,13,3,2338563,779521
228,18,1,756527,756527
228,19,1,365211,365211
229,10,3,2723682,907894
229,21,1,701848,701848
229,15,1,164818,164818
229,20,3,3634872,1211624
230,15,2,4482914,2241457
231,1,3,8748060,2916020
231,20,2,4106234,2053117
231,16,2,4006718,2003359
231,8,1,2671685,2671685
231,7,3,532707,177569
232,18,3,8360064,2786688
232,9,3,3062685,1020895
233,6,1,380954,380954
234,2,3,7724088,2574696
234,5,3,4205262,1401754
234,21,2,1035702,517851
235,4,2,1795254,897627
236,10,3,7936440,2645480
236,20,3,7523826,2507942
237,15,2,600648,300324
237,19,1,1405332,1405332
238,12,2,4917686,2458843
238,13,1,1378229,1378229
238,3,2,1428650,714325
239,9,2,4721238,2360619
240,17,1,2546487,2546487
240,7,3,8364381,2788127
240,20,3,1553139,517713
240,2,2,5373244,2686622
241,14,2,4707300,2353650
241,20,3,8292225,2764075
241,11,2,1388112,694056
242,19,1,2706033,2706033
242,16,1,1368395,1368395
242,17,1,156630,156630
242,20,1,250607,250607
242,18,2,5546744,2773372
243,7,3,5667279,1889093
244,2,3,3121827,1040609
244,11,1,2836947,2836947
244,12,1,1331228,1331228
244,18,2,869050,434525
245,10,2,351432,175716
245,17,1,1547889,1547889
245,18,2,3622302,1811151
246,20,2,5941112,2970556
246,1,2,4280398,2140199
246,6,1,2858061,2858061
246,7,1,2169538,2169538
246,11,1,2780669,2780669
247,18,3,1154922,384974
247,11,3,4216614,1405538
247,15,3,8983701,2994567
247,14,2,4957162,2478581
248,1,1,776230,776230
248,7,2,561498,280749
248,19,2,3447746,1723873
248,11,3,7172712,2390904
248,12,1,2544870,2544870
249,13,3,847974,282658
249,6,2,3771788,1885894
249,4,1,2234797,2234797
249,10,1,1708534,1708534
249,11,2,2838632,1419316
250,17,1,620732,620732
250,10,2,613692,306846
251,3,3,763752,254584
251,15,2,4494758,2247379
252,7,2,4692508,2346254
252,11,2,3045908,1522954
253,4,3,2119968,706656
253,17,1,303312,303312
254,13,2,669350,334675
254,17,3,7927866,2642622
254,4,1,1547918,1547918
254,1,2,687048,343524
255,17,3,4381917,1460639
256,19,2,5659068,2829534
257,11,1,1351950,1351950
257,7,2,4765052,2382526
258,15,1,810586,810586
258,4,2,1260162,630081
258,9,1,2762820,2762820
259,17,3,4457466,1485822
259,4,2,1487464,743732
259,7,3,4014330,1338110
259,18,3,3530610,1176870
259,12,1,448814,448814
260,20,2,725522,362761
260,11,1,271604,271604
260,18,2,5966470,2983235
261,4,2,751306,375653
262,14,2,1801418,900709
263,19,1,2963833,2963833
263,15,3,1438332,479444
263,12,2,5062960,2531480
263,10,1,539718,539718
263,11,3,6342273,2114091
264,15,2,5705774,2852887
265,16,3,3697053,1232351
265,8,2,3588978,1794489
265,20,1,2939969,2939969
265,5,2,3024292,1512146
266,16,1,1624049,1624049
266,1,2,4169174,2084587
266,3,1,1333873,1333873
266,21,2,5370412,2685206
267,5,2,4965322,2482661
267,17,3,1342428,447476
267,4,2,4768992,2384496
267,13,2,3662292,1831146
267,19,3,5652303,1884101
268,20,3,2450937,816979
268,8,2,3519684,1759842
269,11,1,2628708,2628708
270,14,3,3421509,1140503
270,19,1,2929197,2929197
270,11,3,1430136,476712
270,18,3,7674960,2558320
271,4,3,1678770,559590
271,19,2,1777854,888927
271,15,2,3704044,1852022
271,11,1,2659280,2659280
272,20,2,3046498,1523249
273,21,1,2585917,2585917
273,2,3,452319,150773
273,3,1,2921937,2921937
273,7,1,2049912,2049912
274,10,1,1477907,1477907
274,13,2,5083824,2541912
274,19,3,4282125,1427375
274,15,2,3187900,1593950
274,7,1,2594134,2594134
275,20,3,5535978,1845326
276,10,2,4904382,2452191
276,2,1,153537,153537
277,12,2,5250652,2625326
277,4,2,5544676,2772338
277,10,2,3511072,1755536
277,1,2,3500798,1750399
277,8,2,4872786,2436393
278,6,1,939480,939480
278,16,3,5289324,1763108
279,14,3,2029773,676591
279,5,1,198665,198665
279,10,1,2869541,2869541
280,5,3,6574119,2191373
281,5,2,5370322,2685161
281,3,2,5528186,2764093
281,21,1,2055868,2055868
281,14,3,5786721,1928907
282,15,2,5371528,2685764
282,13,1,2574049,2574049
282,12,2,2286002,1143001
282,8,3,6763209,2254403
282,6,2,3746356,1873178
283,19,3,5087790,1695930
283,12,1,2583823,2583823
283,2,2,971618,485809
283,21,1,2357915,2357915
283,16,2,4200168,2100084
284,3,3,8801742,2933914
284,17,3,1432497,477499
284,21,3,8423634,2807878
284,8,3,7743411,2581137
284,16,2,5442544,2721272
285,11,3,585684,195228
286,15,2,3260460,1630230
286,17,2,2726056,1363028
286,16,1,298168,298168
286,11,3,7970007,2656669
287,19,3,6403737,2134579
287,9,3,2577507,859169
287,2,3,1099527,366509
288,20,2,992144,496072
288,1,1,2270623,2270623
288,10,1,1315382,1315382
289,5,2,2455500,1227750
289,20,1,617872,617872
289,9,3,2647149,882383
290,5,3,3422031,1140677
290,15,2,1816736,908368
290,12,3,866373,288791
290,6,2,1008010,504005
290,9,1,2647892,2647892
291,16,2,2296046,1148023
291,14,3,5988807,1996269
292,7,3,4792056,1597352
292,19,1,2843838,2843838
293,4,2,3644912,1822456
293,2,2,2828050,1414025
293,6,2,4767108,2383554
294,13,2,2503058,1251529
294,21,1,2374835,2374835
295,1,3,4422282,1474094
295,10,3,966120,322040
295,15,1,2378405,2378405
295,13,3,4902186,1634062
296,20,2,1124404,562202
296,9,2,5789028,2894514
296,11,3,5371851,1790617
296,21,2,5964752,2982376
297,19,3,4695555,1565185
297,7,3,2713875,904625
298,18,1,200169,200169
298,1,2,1119556,559778
298,20,3,1757454,585818
299,12,1,292781,292781
299,8,1,2747940,2747940
299,10,1,388580,388580
299,9,3,8712009,2904003
300,20,3,1959660,653220
300,4,1,2686236,2686236
301,13,1,614917,614917
301,19,3,2768565,922855
302,10,3,6155640,2051880
302,15,2,3881796,1940898
302,3,3,8850090,2950030
303,9,2,823342,411671
303,6,2,3559732,1779866
303,3,2,803808,401904
304,9,1,2212430,2212430
304,6,1,2709791,2709791
304,15,2,1796880,898440
305,4,1,2725161,2725161
305,5,3,1786929,595643
305,18,2,2472618,1236309
305,14,1,296217,296217
306,3,3,3603231,1201077
307,1,1,2937558,2937558
307,16,2,2535030,1267515
307,5,1,1533410,1533410
307,21,2,5120430,2560215
308,17,3,6624174,2208058
309,14,1,163872,163872
309,13,2,4343864,2171932
309,3,1,2529193,2529193
309,18,3,4966236,1655412
310,10,3,8592078,2864026
310,13,1,1682411,1682411
310,2,3,4728978,1576326
311,15,2,5734076,2867038
312,6,1,1761299,1761299
312,18,3,2853375,951125
313,13,2,1011878,505939
313,4,3,5961108,1987036
313,12,3,2834013,944671
314,2,1,2636993,2636993
314,7,1,2201990,2201990
315,3,3,6103593,2034531
315,18,1,305368,305368
315,10,2,770218,385109
315,16,2,659154,329577
316,4,3,7201503,2400501
316,7,1,2579952,2579952
316,17,1,452130,452130
316,15,1,743873,743873
317,21,1,2871207,2871207
317,1,1,210252,210252
317,16,1,2803574,2803574
317,2,1,1439066,1439066
318,15,3,2597769,865923
319,3,1,999938,999938
319,4,2,3129838,1564919
319,20,3,8986218,2995406
319,16,2,3019878,1509939
319,8,1,2565780,2565780
320,5,2,830342,415171
320,11,1,1298792,1298792
320,7,1,1891283,1891283
320,2,1,1701587,1701587
320,6,3,2526255,842085
321,8,1,2801616,2801616
321,19,3,5182821,1727607
321,2,1,215558,215558
321,5,2,977150,488575
322,1,1,523885,523885
323,10,1,2833623,2833623
323,14,2,4687970,2343985
323,16,2,3756368,1878184
323,5,1,882111,882111
323,7,3,923382,307794
324,6,2,338336,169168
324,16,3,3415023,1138341
324,3,1,642863,642863
324,10,3,1653981,551327
324,12,3,5003772,1667924
325,17,1,962516,962516
325,8,1,775863,775863
325,15,3,6419493,2139831
325,7,2,1779110,889555
325,9,1,2960781,2960781
326,2,3,5032608,1677536
327,7,2,5474254,2737127
327,14,2,663372,331686
327,9,1,370018,370018
328,6,1,447206,447206
328,21,1,2015714,2015714
328,1,3,7745091,2581697
328,16,2,3815382,1907691
328,17,1,2988925,2988925
329,8,1,561310,561310
329,4,1,1880550,1880550
329,11,1,1725096,1725096
330,3,3,6545259,2181753
330,16,1,1978150,1978150
331,7,2,1793680,896840
331,20,2,3433018,1716509
332,15,3,4962108,1654036
332,7,2,1996266,998133
333,5,1,1326939,1326939
333,2,1,616026,616026
333,19,2,4146838,2073419
334,6,3,2422851,807617
334,11,3,8144802,2714934
334,8,1,2574817,2574817
334,10,3,3340323,1113441
335,14,3,6605727,2201909
336,19,2,2641854,1320927
336,16,1,1945625,1945625
337,8,2,5160920,2580460
337,11,1,2632070,2632070
338,19,2,670978,335489
338,1,1,2124060,2124060
339,2,3,1683114,561038
339,14,2,4454752,2227376
339,17,1,498511,498511
339,13,3,606315,202105
339,16,3,5566437,1855479
340,5,2,2305400,1152700
340,12,3,1591641,530547
341,16,3,4285731,1428577
342,15,3,7794141,2598047
342,19,1,2057740,2057740
343,5,3,6292191,2097397
343,13,3,8420043,2806681
343,6,1,2781107,2781107
343,12,1,1764300,1764300
344,17,2,2563156,1281578
344,2,3,8157048,2719016
344,10,3,7688058,2562686
345,3,2,759792,379896
345,20,3,8939097,2979699
346,2,2,4203662,2101831
346,4,3,964317,321439
346,13,2,3373862,1686931
347,21,3,1293129,431043
347,18,3,3025878,1008626
348,11,3,1878885,626295
348,8,3,6470841,2156947
349,7,3,5771679,1923893
349,8,2,756842,378421
349,11,1,1713694,1713694
349,12,2,4095094,2047547
349,9,2,4506468,2253234
350,4,2,5508916,2754458
350,16,2,5948104,2974052
350,18,3,1275786,425262
350,19,1,2070463,2070463
350,10,1,486259,486259
351,6,1,1307387,1307387
351,10,1,770564,770564
351,3,2,1562468,781234
351,4,1,2333922,2333922
352,10,2,4841884,2420942
353,16,2,4023366,2011683
353,12,3,8562006,2854002
354,10,1,414029,414029
355,8,3,8561850,2853950
356,14,3,8579205,2859735
356,19,2,4378108,2189054
356,11,3,8828397,2942799
357,18,2,1740634,870317
357,15,2,2202384,1101192
357,20,2,3419742,1709871
357,10,2,696940,348470
357,5,1,1631096,1631096
358,15,3,7185840,2395280
358,6,2,1829078,914539
358,20,1,2944899,2944899
359,6,1,322601,322601
359,8,2,5119466,2559733
360,15,2,1847668,923834
360,9,1,2509242,2509242
361,11,2,1541046,770523
362,15,3,4244499,1414833
362,18,1,254543,254543
362,6,2,4489412,2244706
363,15,1,168011,168011
363,11,3,7322100,2440700
364,11,3,6012975,2004325
364,10,2,1242170,621085
364,16,3,6476976,2158992
364,20,1,734783,734783
364,5,3,7382679,2460893
365,10,1,1834557,1834557
366,8,1,2700771,2700771
366,15,3,2905551,968517
366,12,3,7074069,2358023
366,3,1,1315711,1315711
366,11,1,244575,244575
367,18,2,5979618,2989809
368,17,2,1931164,965582
369,11,3,4993245,1664415
369,20,2,1541060,770530
369,17,3,5830962,1943654
369,2,2,3538946,1769473
370,1,2,2884406,1442203
370,10,2,5006286,2503143
370,12,1,1054691,1054691
371,14,3,5783043,1927681
371,15,3,5661762,1887254
371,10,1,2612811,2612811
371,6,3,1533111,511037
372,7,2,4706544,2353272
372,10,2,854618,427309
373,13,2,1767108,883554
373,3,3,6264813,2088271
373,1,3,7596039,2532013
373,14,1,985746,985746
373,9,1,1751257,1751257
374,18,2,5209082,2604541
374,16,2,4444814,2222407
374,2,3,6281571,2093857
375,1,1,1251747,1251747
375,21,2,5673366,2836683
376,4,2,5708854,2854427
376,10,1,269296,269296
376,14,1,1312732,1312732
376,6,2,859728,429864
377,12,3,6439977,2146659
377,19,3,1954710,651570
377,16,2,4599378,2299689
377,14,3,7688490,2562830
377,9,1,1238577,1238577
378,19,1,1490839,1490839
378,2,2,1436634,718317
379,6,2,3819138,1909569
379,2,3,4929318,1643106
379,9,1,1365745,1365745
380,17,1,2784148,2784148
380,3,1,546398,546398
380,21,3,2553054,851018
381,11,1,2391521,2391521
381,21,3,4874520,1624840
381,10,1,204096,204096
381,9,1,2323365,2323365
381,12,2,3429068,1714534
382,14,1,798250,798250
382,11,3,3232251,1077417
382,6,1,2493169,2493169
382,4,3,7064241,2354747
383,18,1,700427,700427
383,4,1,2161245,2161245
383,14,2,2913666,1456833
383,15,3,5012166,1670722
383,3,1,2003621,2003621
384,17,3,1942293,647431
384,11,1,689867,689867
384,6,3,2241294,747098
384,10,3,3300966,1100322
384,1,2,1351462,675731
385,5,2,1237192,618596
385,3,1,228879,228879
386,14,1,2917354,2917354
386,2,3,7913883,2637961
386,7,1,2117473,2117473
386,4,1,1211211,1211211
387,3,2,5900120,2950060
388,4,1,2674098,2674098
389,19,1,2962702,2962702
389,7,2,545442,272721
390,5,3,3940191,1313397
391,12,3,7625220,2541740
391,21,1,565679,565679
391,6,3,625962,208654
391,17,3,3180465,1060155
391,8,3,2860224,953408
392,6,3,1691751,563917
392,18,1,2264748,2264748
392,1,3,6423303,2141101
393,19,3,1800453,600151
393,6,1,1638232,1638232
393,15,2,3857540,1928770
394,17,2,1246616,623308
394,8,2,1336960,668480
395,4,2,2718194,1359097
395,17,3,960972,320324
395,5,1,1526215,1526215
395,16,2,1270750,635375
396,10,1,2473291,2473291
396,15,2,2737638,1368819
396,21,2,1883642,941821
396,20,1,2145133,2145133
397,6,3,1773366,591122
397,1,2,3974698,1987349
397,16,3,8736453,2912151
398,4,1,1805959,1805959
399,19,2,1970056,985028
399,4,2,1979930,989965
399,6,3,5537133,1845711
399,3,1,1126726,1126726
400,16,3,5486127,1828709
400,9,2,4291520,2145760
400,19,3,8039577,2679859
400,20,2,4364556,2182278
401,9,2,4404892,2202446
401,5,2,2236272,1118136
401,15,3,2143764,714588
401,4,1,567766,567766
401,18,3,1115037,371679
402,16,3,786576,262192
403,13,3,4564056,1521352
403,20,1,1419836,1419836
404,20,2,1993926,996963
404,4,2,5854040,2927020
404,3,2,4412518,2206259
404,17,3,3742509,1247503
404,16,3,4773684,1591228
405,18,2,4075842,2037921
405,1,2,3456938,1728469
405,2,2,4155876,2077938
405,14,1,287823,287823
405,4,1,2484828,2484828
406,6,1,1460550,1460550
406,16,3,5345763,1781921
406,14,2,1217562,608781
407,16,3,2416845,805615
407,18,3,1151334,383778
407,20,2,2509482,1254741
407,21,2,5258044,2629022
407,19,2,5475264,2737632
408,10,1,2626583,2626583
408,11,1,687701,687701
408,2,2,3226590,1613295
409,1,2,3297802,1648901
409,11,2,3246660,1623330
409,13,1,2923441,2923441
409,4,1,1188568,1188568
409,14,1,2868256,2868256
410,19,2,1260254,630127
410,3,2,1724210,862105
410,20,1,2408283,2408283
411,2,3,6927177,2309059
411,15,2,2536560,1268280
411,14,1,2120064,2120064
412,1,3,1679673,559891
412,11,2,1139336,569668
412,13,3,8944866,2981622
412,19,1,1559149,1559149
412,20,2,4517528,2258764
413,6,2,3957358,1978679
413,20,1,2234366,2234366
413,10,3,1397757,465919
414,7,3,5508672,1836224
414,10,1,2769646,2769646
414,9,3,1607097,535699
414,2,3,7725354,2575118
414,20,1,2632460,2632460
415,9,3,6430260,2143420
415,3,2,2059418,1029709
415,19,2,943084,471542
416,17,3,7244112,2414704
416,10,2,1978366,989183
416,14,2,3674744,1837372
417,20,3,7339929,2446643
417,17,1,228027,228027
417,15,3,6945600,2315200
418,19,1,2921622,2921622
418,16,3,6329934,2109978
419,21,3,8336445,2778815
419,18,1,2340557,2340557
419,14,1,1677878,1677878
420,5,2,3741512,1870756
420,8,2,840456,420228
420,21,3,3011352,1003784
420,10,2,2539210,1269605
421,21,3,8015250,2671750
421,6,1,1852325,1852325
421,9,1,626299,626299
422,7,1,1452501,1452501
422,1,2,4371682,2185841
423,14,2,1444462,722231
423,21,1,1233794,1233794
423,2,2,5825330,2912665
423,7,3,2664405,888135
423,6,3,981405,327135
424,1,3,4199445,1399815
424,2,1,1857110,1857110
424,3,2,5934392,2967196
424,11,3,1586316,528772
425,5,1,2339248,2339248
425,8,3,7753368,2584456
425,4,3,3618477,1206159
425,17,2,1057060,528530
426,20,2,3062250,1531125
426,4,3,5356713,1785571
427,14,1,598010,598010
427,7,1,1048036,1048036
428,15,3,1153704,384568
428,14,2,4775070,2387535
428,9,2,1247588,623794
429,18,3,3549756,1183252
429,14,2,1515606,757803
429,16,2,4286448,2143224
430,10,3,8782698,2927566
430,1,1,2966888,2966888
430,2,1,1211087,1211087
431,13,2,3558730,1779365
431,10,1,1798258,1798258
431,12,2,2824032,1412016
431,4,1,1137592,1137592
431,8,2,2064848,1032424
432,15,3,5562294,1854098
432,11,1,1299392,1299392
433,16,2,3764170,1882085
434,14,3,3733761,1244587
434,4,3,1285092,428364
434,6,2,3830516,1915258
435,18,3,8523102,2841034
435,11,1,2793067,2793067
435,15,2,5677926,2838963
435,1,1,162900,162900
435,2,2,1978352,989176
436,11,1,811955,811955
436,19,1,2315795,2315795
436,3,3,8618580,2872860
437,20,2,4087370,2043685
437,14,2,1419960,709980
438,6,2,1966512,983256
438,19,1,1888524,1888524
438,11,2,1825796,912898
439,13,1,2492644,2492644
439,19,3,8150781,2716927
439,8,3,3327801,1109267
439,1,1,2089550,2089550
440,9,1,1832062,1832062
440,6,3,5846853,1948951
441,9,3,1926609,642203
441,5,1,2355523,2355523
441,3,2,4105976,2052988
441,12,3,6667833,2222611
441,6,1,1091553,1091553
442,7,2,4445382,2222691
442,9,2,1392190,696095
443,7,3,8971005,2990335
443,20,1,1904607,1904607
443,21,1,1863474,1863474
443,10,1,270683,270683
444,9,1,1700373,1700373
444,8,3,8594106,2864702
444,15,2,1019228,509614
445,16,1,1505791,1505791
446,7,1,549630,549630
446,13,3,1189275,396425
446,14,1,1546126,1546126
446,9,1,2125233,2125233
447,20,1,1213914,1213914
447,21,3,8247099,2749033
447,2,2,2837614,1418807
448,12,3,2707023,902341
448,5,2,1724942,862471
448,18,3,6651360,2217120
448,2,2,4226580,2113290
449,3,3,7124274,2374758
449,11,2,1489468,744734
450,4,1,2243841,2243841
450,11,2,3324866,1662433
450,2,2,2673350,1336675
451,20,2,3955548,1977774
451,9,1,1473482,1473482
451,17,3,6631665,2210555
452,18,1,942387,942387
452,15,1,378871,378871
453,6,2,2482916,1241458
453,2,1,2109297,2109297
454,4,2,5004788,2502394
454,16,2,4139966,2069983
454,2,2,1243640,621820
454,15,3,2312946,770982
455,12,1,1004521,1004521
456,6,2,5024860,2512430
456,21,3,7819527,2606509
456,17,1,2597575,2597575
457,17,3,2722080,907360
458,3,2,517786,258893
458,8,2,1323334,661667
458,16,2,3433634,1716817
458,4,3,1784667,594889
459,5,2,5832616,2916308
459,1,2,4108892,2054446
459,3,3,3838809,1279603
460,1,3,7611669,2537223
460,11,1,1036536,1036536
460,2,1,2849638,2849638
460,15,2,3010952,1505476
460,20,1,446638,446638
461,20,1,1156969,1156969
461,13,2,1048164,524082
461,3,1,1023349,1023349
461,21,1,1779499,1779499
461,9,2,2690214,1345107
462,4,2,3926884,1963442
462,10,3,4351977,1450659
463,5,1,2203627,2203627
463,12,2,3555530,1777765
463,4,2,2552168,1276084
463,20,3,8004033,2668011
463,17,2,1056838,528419
464,12,3,5810535,1936845
464,20,1,319609,319609
464,6,3,4750143,1583381
464,14,2,5974390,2987195
465,21,2,4723134,2361567
465,5,3,8593980,2864660
466,3,2,2819880,1409940
466,10,1,685989,685989
466,15,3,4230015,1410005
466,14,1,2344007,2344007
466,21,2,2778678,1389339
467,2,1,2291827,2291827
467,18,2,3764656,1882328
467,3,1,2098910,2098910
467,21,3,7603110,2534370
467,17,2,3281794,1640897
468,19,1,627880,627880
468,3,3,8774580,2924860
468,17,2,1806192,903096
469,13,1,1895885,1895885
469,2,3,4195272,1398424
470,19,3,3785406,1261802
470,15,2,1870278,935139
470,20,1,926312,926312
471,20,2,5948962,2974481
472,14,3,675423,225141
473,13,1,205803,205803
474,21,2,3698154,1849077
474,16,3,8023494,2674498
475,10,2,1035136,517568
475,20,1,716708,716708
475,12,1,950281,950281
475,13,1,216627,216627
476,1,2,5741044,2870522
476,7,1,2875206,2875206
477,14,1,511102,511102
477,18,2,4187494,2093747
478,16,1,638463,638463
478,14,1,789305,789305
479,16,3,3502986,1167662
479,21,1,1386612,1386612
479,1,3,5379144,1793048
479,15,1,1550268,1550268
480,4,3,5883147,1961049
481,16,1,2194708,2194708
481,19,2,4377710,2188855
481,18,3,7886994,2628998
481,10,3,8144391,2714797
482,8,2,5135220,2567610
482,2,2,4941044,2470522
482,17,1,1273439,1273439
482,1,3,5698803,1899601
483,4,3,5939043,1979681
483,16,1,826681,826681
483,12,2,1912300,956150
483,15,2,3184400,1592200
484,8,3,8716446,2905482
484,17,2,1400236,700118
484,21,2,3574670,1787335
484,11,2,5946432,2973216
485,16,2,1023030,511515
485,6,3,6526158,2175386
485,7,1,876835,876835
486,6,2,1146440,573220
486,20,2,4441666,2220833
487,8,1,226045,226045
487,7,2,2487816,1243908
487,18,2,5978482,2989241
488,6,1,417032,417032
488,17,2,3912306,1956153
489,20,1,656202,656202
490,8,1,2486321,2486321
490,16,2,1568176,784088
490,9,3,6935073,2311691
490,11,3,8874081,2958027
490,12,1,361485,361485
491,15,3,978096,326032
491,4,3,1776378,592126
491,20,1,2792101,2792101
491,19,1,1011452,1011452
492,6,3,6721209,2240403
492,10,3,1699410,566470
492,15,1,2864104,2864104
493,11,1,1991754,1991754
493,5,2,355260,177630
493,4,1,2136688,2136688
494,10,1,1265750,1265750
494,17,2,3781344,1890672
494,6,2,5580128,2790064
495,5,2,2214128,1107064
495,17,1,1948613,1948613
496,14,1,2006309,2006309
496,15,1,191727,191727
496,17,3,6959751,2319917
496,12,1,505585,505585
497,11,2,815632,407816
497,13,2,611164,305582
497,6,3,8521506,2840502
498,19,3,8759271,2919757
498,2,3,4171074,1390358
499,13,2,366288,183144
499,18,2,4727436,2363718
499,10,3,2297949,765983
499,11,3,5532717,1844239
500,21,3,4794258,1598086
500,7,3,5539857,1846619
500,18,1,1414714,1414714
500,15,1,305064,305064
501,11,1,539313,539313
501,13,3,7393071,2464357
501,5,2,4673282,2336641
501,17,2,5632516,2816258
501,10,1,248237,248237
502,18,3,3705075,1235025
503,10,3,1839678,613226
503,14,3,1204290,401430
504,9,1,350206,350206
504,17,3,2019714,673238
504,12,2,2799478,1399739
505,1,2,2809884,1404942
505,15,2,5894550,2947275
505,11,3,7657059,2552353
505,8,3,2211246,737082
505,18,3,5202132,1734044
506,8,2,4111024,2055512
506,4,1,764688,764688
506,11,3,5806446,1935482
506,17,2,987422,493711
506,7,1,410859,410859
507,5,1,1698932,1698932
507,16,3,7071825,2357275
507,7,2,5234510,2617255
507,15,3,6979839,2326613
508,9,2,4406568,2203284
508,19,3,5696097,1898699
508,16,1,755431,755431
508,14,3,2049588,683196
509,15,1,1041887,1041887
509,5,2,4270794,2135397
509,17,1,807833,807833
509,19,3,5097270,1699090
510,20,2,1225566,612783
511,12,3,4093890,1364630
512,17,1,643846,643846
513,10,2,4376238,2188119
513,12,1,749237,749237
513,21,1,2623063,2623063
514,2,1,2200149,2200149
514,10,1,663080,663080
514,20,3,4837017,1612339
514,7,1,337411,337411
515,16,2,3465068,1732534
515,19,2,5381060,2690530
515,10,1,731004,731004
515,15,3,8458521,2819507
516,15,1,2770477,2770477
516,21,3,8296569,2765523
516,5,2,3548362,1774181
516,11,1,1808415,1808415
517,18,3,3940185,1313395
517,2,3,1563963,521321
517,15,1,254035,254035
518,21,1,2745032,2745032
518,10,3,7708521,2569507
518,18,1,2541778,2541778
518,4,3,2833149,944383
518,3,2,4516438,2258219
519,4,3,7142340,2380780
520,1,1,1178806,1178806
520,9,3,7742460,2580820
521,3,3,1016025,338675
521,18,2,495146,247573
521,11,2,3965966,1982983
521,13,1,1890369,1890369
522,17,2,3504540,1752270
523,3,3,2565891,855297
523,4,2,1508246,754123
523,20,1,1221873,1221873
524,5,2,3716482,1858241
525,2,2,1822178,911089
525,20,1,395374,395374
526,13,1,1881504,1881504
526,4,2,2463708,1231854
526,11,2,1314738,657369
527,7,1,2654018,2654018
528,8,1,1279473,1279473
528,16,1,1485199,1485199
528,17,2,4939914,2469957
528,19,2,849102,424551
528,13,2,542484,271242
529,21,3,7825758,2608586
529,8,3,1727283,575761
529,1,1,2476611,2476611
529,9,3,2030052,676684
530,19,1,2816734,2816734
530,14,3,3010080,1003360
530,15,1,1715755,1715755
531,6,1,154198,154198
531,8,2,5507058,2753529
531,18,2,5778254,2889127
531,14,1,152277,152277
531,15,1,2172435,2172435
532,20,2,5603336,2801668
532,9,1,2604335,2604335
532,13,3,3989715,1329905
533,6,3,7170396,2390132
534,3,1,2484042,2484042
534,10,2,3923562,1961781
534,21,1,2710393,2710393
534,13,3,4455189,1485063
534,4,3,4761348,1587116
535,15,3,4497144,1499048
535,9,2,2066840,1033420
535,8,2,5329084,2664542
536,1,3,6446121,2148707
536,5,1,190175,190175
536,21,3,2633586,877862
537,18,1,2872511,2872511
537,16,3,1425465,475155
537,13,3,839409,279803
537,21,3,6051618,2017206
538,12,2,5344160,2672080
539,13,1,2090673,2090673
539,6,2,1918924,959462
539,1,2,378544,189272
540,1,3,4952430,1650810
540,9,1,527346,527346
541,21,2,608666,304333
541,10,2,4434222,2217111
541,8,3,8075583,2691861
541,19,1,179928,179928
541,16,1,2827795,2827795
542,4,2,1730064,865032
542,9,3,2888193,962731
542,19,3,7568241,2522747
542,17,3,8037150,2679050
543,6,1,1238943,1238943
543,3,3,3318465,1106155
543,19,3,3901842,1300614
543,5,1,2993648,2993648
543,20,1,2992624,2992624
544,20,2,5676814,2838407
544,9,3,8629269,2876423
544,18,1,1504757,1504757
544,15,2,3713122,1856561
544,1,2,1321042,660521
545,15,3,3275469,1091823
545,16,1,1315735,1315735
545,12,2,4766180,2383090
545,17,2,2952828,1476414
545,2,1,1793575,1793575
546,11,3,769251,256417
546,3,3,3289056,1096352
547,3,2,2907228,1453614
547,8,1,2775612,2775612
547,7,3,1667094,555698
547,6,1,2163125,2163125
548,1,1,602316,602316
548,19,2,2299500,1149750
548,11,2,756614,378307
548,9,2,4659350,2329675
549,3,3,5967975,1989325
549,20,1,2772902,2772902
550,19,1,1732909,1732909
550,4,2,845496,422748
550,3,1,410056,410056
550,2,2,759602,379801
551,20,1,2991911,2991911
551,14,1,2495698,2495698
551,3,1,1386970,1386970
552,13,3,8751249,2917083
552,4,3,583461,194487
552,14,2,3520554,1760277
552,8,2,3891210,1945605
553,20,3,4579632,1526544
553,4,3,2871975,957325
553,11,1,580711,580711
553,1,1,2646345,2646345
553,15,3,1299906,433302
554,7,2,3831662,1915831
554,19,2,5508074,2754037
554,5,2,1859638,929819
554,17,1,727441,727441
554,9,1,403718,403718
555,10,2,4604410,2302205
555,19,3,4951455,1650485
556,19,1,2119325,2119325
556,18,2,5361094,2680547
556,5,2,2741620,1370810
557,1,3,8984991,2994997
557,17,1,390407,390407
557,19,1,2276964,2276964
558,2,3,2982450,994150
558,14,1,1582572,1582572
558,12,1,2951208,2951208
558,7,2,4220854,2110427
558,18,3,4616772,1538924
559,19,1,589763,589763
559,11,2,653932,326966
559,10,2,2140508,1070254
559,14,1,2829183,2829183
559,20,1,1115839,1115839
560,20,3,4621425,1540475
560,7,3,5180064,1726688
560,8,1,1829032,1829032
560,16,1,178208,178208
561,1,1,2476545,2476545
561,3,1,747277,747277
561,12,2,3994410,1997205
562,21,2,668300,334150
562,19,1,985181,985181
563,10,1,1248902,1248902
563,6,3,2643006,881002
564,18,1,240144,240144
564,8,1,1248020,1248020
564,6,1,238054,238054
565,13,2,2063598,1031799
565,4,2,4126912,2063456
566,12,3,2606205,868735
566,21,3,8291718,2763906
567,3,1,953969,953969
567,4,3,5208801,1736267
567,5,3,5159220,1719740
567,19,2,5329382,2664691
568,21,3,4151673,1383891
568,8,1,1524392,1524392
568,2,1,373384,373384
568,7,3,3974136,1324712
569,17,2,2055210,1027605
569,19,3,1474344,491448
570,20,2,5711252,2855626
570,3,3,5159355,1719785
570,6,2,4652784,2326392
570,17,2,1801548,900774
571,12,3,6675924,2225308
571,17,2,2550960,1275480
571,16,3,5495067,1831689
572,21,2,2266160,1133080
572,2,2,2133696,1066848
572,7,2,3865350,1932675
572,8,2,5093002,2546501
572,19,1,1719119,1719119
573,18,1,1387521,1387521
573,3,2,4652182,2326091
573,5,2,2230868,1115434
574,2,2,4222100,2111050
574,15,2,3730544,1865272
574,17,2,4473692,2236846
574,11,2,2590252,1295126
574,14,2,507350,253675
575,15,2,5713628,2856814
575,8,1,1656144,1656144
576,10,3,6902403,2300801
577,21,1,449258,449258
577,3,2,621126,310563
577,9,3,2970438,990146
577,8,2,1949588,974794
577,4,3,4592814,1530938
578,10,3,8050506,2683502
578,9,1,2428034,2428034
578,7,2,371586,185793
579,10,2,5165004,2582502
579,12,3,599619,199873
579,13,2,5786912,2893456
580,5,2,2260612,1130306
580,13,3,7836213,2612071
580,8,3,6348093,2116031
580,19,3,6255768,2085256
580,7,2,1020378,510189
581,7,1,1989960,1989960
581,14,2,4984590,2492295
581,20,1,1721606,1721606
582,19,2,381210,190605
582,5,2,5826818,2913409
583,11,2,3683702,1841851
583,8,3,7214622,2404874
583,14,2,3035352,1517676
584,1,2,5066330,2533165
584,19,3,8037528,2679176
584,2,3,7671063,2557021
584,5,2,3498730,1749365
584,18,1,1788446,1788446
585,18,2,1879898,939949
586,4,3,4283325,1427775
586,11,1,869002,869002
586,19,1,2980675,2980675
586,15,3,2685177,895059
587,20,2,525136,262568
588,7,2,2680834,1340417
588,3,1,1127438,1127438
589,17,1,1696239,1696239
589,3,3,589002,196334
589,15,1,1520581,1520581
590,13,3,5714856,1904952
590,6,2,876824,438412
590,4,2,2032076,1016038
590,5,1,1012671,1012671
591,14,3,7686324,2562108
591,16,2,5228238,2614119
591,6,1,2257532,2257532
592,9,2,836618,418309
592,7,2,5373836,2686918
592,1,1,2355602,2355602
592,5,2,5075038,2537519
593,15,3,1596336,532112
593,21,2,5721550,2860775
593,19,2,3209016,1604508
593,2,3,4192770,1397590
594,20,1,2740974,2740974
594,6,3,5886780,1962260
594,14,2,3526802,1763401
594,8,3,2758263,919421
595,4,2,5568742,2784371
595,13,3,4122819,1374273
595,2,3,1289832,429944
595,8,3,3183696,1061232
595,6,2,3750050,1875025
596,4,2,3740134,1870067
596,12,2,1682770,841385
596,3,2,2039562,1019781
596,21,3,1011639,337213
596,17,2,524124,262062
597,21,3,8951292,2983764
598,13,2,616876,308438
598,11,1,1201116,1201116
598,21,1,722441,722441
598,7,2,5922846,2961423
599,16,3,8717256,2905752
599,15,1,1985946,1985946
599,3,1,2124626,2124626
599,19,2,1653640,826820
600,1,1,893384,893384
600,20,2,1341456,670728
601,13,1,1998253,1998253
601,6,2,1792670,896335
601,3,1,294472,294472
601,1,3,7147869,2382623
601,9,1,2004126,2004126
602,21,3,8515797,2838599
603,13,3,4329615,1443205
604,2,2,1992300,996150
604,20,1,1721373,1721373
604,1,1,988800,988800
604,21,1,217270,217270
605,1,3,8867331,2955777
605,21,1,1075128,1075128
605,11,1,2935474,2935474
605,7,1,850646,850646
606,14,3,1804974,601658
607,11,3,3056163,1018721
607,18,3,5421054,1807018
607,7,2,1313376,656688
608,7,2,3012604,1506302
608,4,1,212891,212891
609,21,1,2074245,2074245
609,11,1,426892,426892
609,1,3,3953805,1317935
609,13,3,8300595,2766865
610,2,2,2829452,1414726
610,3,3,6736119,2245373
610,7,1,2398908,2398908
611,6,3,2122662,707554
611,9,2,1770782,885391
611,4,3,4450950,1483650
611,11,3,6516603,2172201
611,13,1,1555533,1555533
612,20,3,6098613,2032871
613,17,1,238975,238975
613,8,3,2010987,670329
613,21,2,2283036,1141518
613,1,3,5841750,1947250
614,20,1,726949,726949
614,3,2,4483620,2241810
615,7,1,2842906,2842906
615,5,1,1148512,1148512
615,13,3,7975527,2658509
616,11,3,948375,316125
616,5,3,5670567,1890189
616,9,3,4079604,1359868
616,21,1,1110537,1110537
617,11,3,1130406,376802
617,8,3,3574815,1191605
617,7,3,3248991,1082997
618,13,3,526032,175344
618,17,1,2212097,2212097
618,11,1,957258,957258
618,6,1,2810727,2810727
618,15,1,1006560,1006560
619,3,3,7356093,2452031
619,6,1,1141156,1141156
620,3,3,2935581,978527
620,14,1,1928455,1928455
620,15,1,2691124,2691124
620,10,1,1421296,1421296
620,6,2,5135376,2567688
621,21,1,1658195,1658195
621,7,2,3468522,1734261
621,9,1,2124315,2124315
621,16,2,3845840,1922920
622,20,2,3885268,1942634
622,14,1,1409262,1409262
622,5,3,7209510,2403170
622,16,1,2468829,2468829
622,1,3,2660808,886936
623,13,2,2675868,1337934
623,15,2,5015588,2507794
623,10,3,6500421,2166807
624,11,1,2118212,2118212
625,5,1,203830,203830
625,7,3,5159253,1719751
626,13,2,4406652,2203326
626,14,2,5677506,2838753
626,21,3,1346334,448778
626,12,2,625702,312851
627,13,3,2492991,830997
628,14,3,4836132,1612044
628,9,3,6598284,2199428
629,2,3,3555357,1185119
629,13,1,2153726,2153726
629,14,1,1665881,1665881
630,21,1,1246100,1246100
631,15,1,639603,639603
631,5,1,2852798,2852798
631,9,3,5286213,1762071
631,8,2,5217070,2608535
631,6,1,2324901,2324901
632,14,2,2421236,1210618
632,6,3,4252800,1417600
633,18,3,1568286,522762
633,13,1,2818333,2818333
633,19,3,4783464,1594488
633,10,1,1278357,1278357
633,14,3,3086439,1028813
634,10,1,556305,556305
634,1,1,1902546,1902546
634,6,3,5695089,1898363
634,16,3,4078158,1359386
635,6,3,2140287,713429
635,21,1,2190408,2190408
635,12,1,2258114,2258114
635,20,1,2040208,2040208
636,7,1,1237800,1237800
636,6,2,3997114,1998557
636,21,3,8307039,2769013
636,2,1,2819396,2819396
636,20,1,484746,484746
637,3,2,839072,419536
637,13,2,548860,274430
637,4,3,3404217,1134739
638,16,2,360620,180310
638,4,3,7778859,2592953
638,1,1,556184,556184
638,2,1,2340829,2340829
639,13,3,6994044,2331348
640,16,3,5853777,1951259
640,21,2,3410370,1705185
640,11,3,4766913,1588971
641,8,2,5423836,2711918
641,12,1,1643294,1643294
641,13,2,1140348,570174
642,15,3,5505918,1835306
643,1,1,2375620,2375620
643,20,2,2384884,1192442
644,15,3,5648334,1882778
644,20,3,2814768,938256
644,16,1,2826273,2826273
645,1,3,4546053,1515351
645,12,3,6040665,2013555
645,2,1,2694948,2694948
646,13,2,4294000,2147000
646,20,3,1714023,571341
646,3,3,5292639,1764213
646,12,2,5393342,2696671
647,5,3,6799797,2266599
647,17,1,686289,686289
648,3,1,2021862,2021862
648,10,1,2172361,2172361
648,18,3,7253175,2417725
648,15,1,1170709,1170709
649,6,1,1974075,1974075
649,3,3,817695,272565
650,11,2,2148648,1074324
650,13,3,3691716,1230572
651,4,1,1545869,1545869
651,5,1,2565802,2565802
651,18,3,1263699,421233
651,16,3,4768779,1589593
652,13,1,1236718,1236718
652,18,1,1370443,1370443
652,14,1,617172,617172
652,8,1,1577060,1577060
653,7,2,3489306,1744653
653,4,3,471120,157040
653,19,2,819128,409564
653,12,3,7189443,2396481
653,5,1,1778000,1778000
654,11,3,8020101,2673367
654,12,3,3245187,1081729
654,5,1,1808060,1808060
654,17,1,2407764,2407764
655,11,2,4123396,2061698
655,5,1,2672728,2672728
655,10,2,1523652,761826
655,8,3,8822049,2940683
656,20,2,2891168,1445584
657,4,2,2745238,1372619
657,9,3,5190090,1730030
657,19,1,1547309,1547309
657,16,1,1033375,1033375
657,7,3,3282057,1094019
658,6,2,3586722,1793361
659,6,2,3130400,1565200
659,1,2,5986626,2993313
659,18,2,3221812,1610906
660,13,2,1936550,968275
660,3,3,7345560,2448520
660,17,2,1116374,558187
660,10,1,1506515,1506515
661,2,2,4347014,2173507
661,10,2,1514862,757431
661,15,1,1064930,1064930
661,6,3,2911908,970636
661,5,3,8644470,2881490
662,12,3,7693755,2564585
663,5,2,3882866,1941433
664,2,2,4275156,2137578
664,4,1,370084,370084
665,17,3,4709136,1569712
666,14,1,1160220,1160220
666,5,2,4398890,2199445
666,13,2,5300914,2650457
666,8,1,2888028,2888028
666,2,3,5173266,1724422
667,15,3,5257941,1752647
668,21,1,653318,653318
668,15,1,496604,496604
668,12,1,2201930,2201930
669,8,3,1639755,546585
669,1,3,2728722,909574
669,19,2,4361692,2180846
669,16,3,5906661,1968887
669,9,2,5093444,2546722
670,4,1,2404484,2404484
670,11,1,1850079,1850079
671,13,3,7199685,2399895
672,16,1,2912294,2912294
672,3,1,907760,907760
672,17,3,2714136,904712
672,18,1,2476671,2476671
672,4,2,2936506,1468253
673,2,1,2562064,2562064
674,21,1,2509280,2509280
674,6,2,593644,296822
675,4,3,4206978,1402326
676,18,3,451074,150358
676,6,1,1410807,1410807
676,14,1,2328702,2328702
677,18,3,6621198,2207066
677,15,3,4387644,1462548
677,5,3,4880658,1626886
678,18,1,304073,304073
678,17,1,744195,744195
678,7,2,2105336,1052668
678,4,1,2675576,2675576
678,2,3,3168411,1056137
679,12,3,3658230,1219410
679,9,2,3502622,1751311
679,5,3,2505033,835011
679,14,2,4125772,2062886
679,3,1,1216105,1216105
680,5,3,3839832,1279944
680,18,3,8573163,2857721
680,7,1,1710877,1710877
680,3,3,8720973,2906991
681,20,2,3478794,1739397
681,6,1,2681712,2681712
681,14,1,475161,475161
681,5,2,1345398,672699
681,11,3,1833996,611332
682,14,2,2592212,1296106
682,3,1,1096929,1096929
682,11,2,382738,191369
682,20,1,1731906,1731906
682,12,1,1738099,1738099
683,4,1,2358199,2358199
684,19,3,4840179,1613393
684,16,3,7649412,2549804
684,4,2,4926670,2463335
685,20,1,1483773,1483773
685,4,2,1815590,907795
685,2,2,5985898,2992949
686,18,2,379670,189835
686,20,3,6912147,2304049
686,13,3,2406531,802177
686,16,3,2040081,680027
686,5,1,1738805,1738805
687,9,3,6210288,2070096
687,2,1,1991131,1991131
687,12,2,4231452,2115726
687,8,3,4059024,1353008
687,14,2,3888352,1944176
688,8,2,1056154,528077
688,10,3,1450023,483341
688,3,1,1156787,1156787
688,20,1,842534,842534
688,14,3,1172403,390801
689,10,3,6651492,2217164
690,14,3,6850704,2283568
691,16,3,8965788,2988596
691,21,3,2018982,672994
692,1,3,5797470,1932490
692,20,3,7173360,2391120
692,7,3,4791867,1597289
692,21,1,2923165,2923165
693,20,1,883223,883223
693,2,1,1689523,1689523
693,15,1,2304548,2304548
693,6,2,727034,363517
693,17,2,4456620,2228310
694,6,3,3592773,1197591
694,12,3,1933089,644363
694,4,2,2809686,1404843
694,11,2,2762434,1381217
695,7,2,2124212,1062106
695,1,2,5693652,2846826
695,19,3,895800,298600
696,20,1,2731720,2731720
696,16,2,3056092,1528046
696,2,2,3268666,1634333
696,12,1,171619,171619
697,6,1,575041,575041
697,13,2,4427582,2213791
697,12,1,505441,505441
698,17,1,802761,802761
698,5,3,3597423,1199141
698,14,1,2124253,2124253
698,4,2,3439934,1719967
698,16,2,3357610,1678805
699,6,2,5805272,2902636
699,18,2,1657564,828782
699,9,1,1633683,1633683
699,4,3,5910480,1970160
700,12,3,2947260,982420
701,7,2,637694,318847
702,13,3,4617630,1539210
702,14,1,822399,822399
703,16,1,1916201,1916201
703,9,2,4914770,2457385
704,5,3,5342844,1780948
704,11,1,610252,610252
704,13,1,238718,238718
704,17,1,802390,802390
705,17,1,2995039,2995039
705,1,2,3904290,1952145
705,8,3,551025,183675
706,16,1,1949154,1949154
706,10,1,2740457,2740457
706,20,1,2294295,2294295
706,21,1,1196339,1196339
707,4,3,5850069,1950023
707,9,1,2137650,2137650
707,8,3,1746855,582285
708,20,1,704888,704888
708,6,2,621840,310920
708,7,2,1912100,956050
708,5,1,1938044,1938044
708,8,1,2735651,2735651
709,3,2,3716656,1858328
709,2,3,4305981,1435327
710,8,2,4319780,2159890
710,11,1,2288523,2288523
711,21,2,3349896,1674948
711,2,2,3244606,1622303
711,10,3,5710590,1903530
711,4,1,1491509,1491509
712,6,1,152247,152247
713,11,1,1346706,1346706
714,9,1,1208067,1208067
714,20,2,3349940,1674970
714,4,2,2853128,1426564
714,14,1,556374,556374
715,18,1,1539202,1539202
716,12,3,5125713,1708571
716,19,1,2877339,2877339
716,17,2,2061886,1030943
717,13,1,2610217,2610217
717,3,3,2846208,948736
717,4,1,2019694,2019694
717,5,1,464067,464067
717,19,3,8238951,2746317
718,10,3,2383644,794548
718,16,1,686166,686166
718,7,1,1904110,1904110
719,9,3,1927596,642532
719,18,2,867980,433990
719,12,2,3814860,1907430
719,19,3,6790143,2263381
719,15,1,850176,850176
720,9,3,2843154,947718
720,5,3,5451627,1817209
720,10,2,4766680,2383340
720,2,3,1393536,464512
720,18,1,1986035,1986035
721,13,1,922030,922030
721,18,1,821101,821101
721,21,3,3190653,1063551
721,19,3,561501,187167
721,9,3,6180771,2060257
722,17,3,3828696,1276232
722,9,3,1948665,649555
722,10,1,1089228,1089228
722,8,1,2387937,2387937
722,19,1,1374079,1374079
723,21,1,1314995,1314995
724,9,3,3583245,1194415
724,2,1,2392253,2392253
725,1,3,4822080,1607360
726,12,3,2131221,710407
726,11,2,5429482,2714741
726,3,2,3023236,1511618
726,18,1,2775446,2775446
726,9,1,1641004,1641004
727,9,2,431184,215592
727,6,3,8720967,2906989
728,4,2,2150854,1075427
728,13,2,2554802,1277401
728,9,1,2589674,2589674
728,18,3,5426079,1808693
728,7,1,2020894,2020894
729,14,1,2159100,2159100
729,12,1,2230211,2230211
730,15,1,942135,942135
730,6,3,6622149,2207383
731,21,1,1450906,1450906
731,10,1,895471,895471
732,20,1,1938430,1938430
732,7,1,2058509,2058509
732,3,3,5514675,1838225
732,5,1,2359469,2359469
733,1,1,1734923,1734923
733,20,2,473776,236888
734,1,3,1000377,333459
735,8,2,1496514,748257
735,3,3,7995180,2665060
736,1,1,2424865,2424865
737,3,2,5021538,2510769
737,7,2,1668554,834277
737,5,2,3082972,1541486
738,5,3,3815382,1271794
738,8,3,7290231,2430077
738,2,1,238952,238952
738,18,1,581238,581238
739,10,1,1090835,1090835
739,4,1,1100744,1100744
739,17,2,3532826,1766413
739,14,1,1631889,1631889
739,5,3,4059360,1353120
740,13,2,1722364,861182
740,4,1,1091715,1091715
741,10,2,939966,469983
742,11,3,2351313,783771
742,4,1,1947797,1947797
742,12,3,4663311,1554437
742,3,3,2732103,910701
742,2,3,5800812,1933604
743,10,2,3222470,1611235
743,20,1,1287047,1287047
744,12,1,2900851,2900851
744,9,1,1493251,1493251
744,3,1,1788293,1788293
744,1,2,4313378,2156689
745,4,3,5828604,1942868
746,5,1,912827,912827
746,3,2,3257896,1628948
746,11,2,4445704,2222852
747,16,3,3544239,1181413
747,14,2,3811970,1905985
747,11,3,6704994,2234998
747,5,3,7166388,2388796
748,18,1,2586739,2586739
748,21,3,5757984,1919328
748,8,3,7721367,2573789
748,13,3,3209859,1069953
749,8,2,324042,162021
750,1,3,6413373,2137791
750,12,1,612029,612029
751,12,2,1468946,734473
752,15,2,2334214,1167107
752,5,1,1091986,1091986
752,18,1,727980,727980
753,5,2,521012,260506
754,12,2,5282208,2641104
754,2,1,276608,276608
754,4,1,1681945,1681945
754,3,1,481321,481321
755,3,3,5690718,1896906
755,1,1,915143,915143
756,5,2,3129786,1564893
756,17,2,5709368,2854684
756,10,3,616212,205404
756,16,2,1233372,616686
757,2,3,2634144,878048
757,21,3,2467653,822551
758,13,2,4110914,2055457
759,9,2,1615338,807669
759,19,2,1071218,535609
759,17,3,5200806,1733602
759,10,1,1038623,1038623
759,8,2,5492914,2746457
760,8,2,1840934,920467
761,20,3,8526855,2842285
761,3,2,3491614,1745807
761,15,1,379309,379309
761,16,2,5724468,2862234
761,11,2,1933518,966759
762,4,2,5359924,2679962
762,21,2,535290,267645
762,3,1,1333661,1333661
763,18,1,1038814,1038814
763,4,3,588120,196040
764,7,3,857268,285756
764,18,1,1278972,1278972
764,21,1,2541268,2541268
765,2,2,1081908,540954
765,19,2,371124,185562
765,16,2,2668960,1334480
765,21,2,4496116,2248058
765,18,1,1468993,1468993
766,12,2,4524320,2262160
766,5,1,2256283,2256283
766,4,1,249343,249343
766,11,3,5258076,1752692
767,19,1,2092408,2092408
767,2,1,2775436,2775436
767,10,1,1121275,1121275
767,6,1,2893998,2893998
768,6,3,8109708,2703236
768,17,3,7034475,2344825
769,15,2,3322552,1661276
769,5,3,5871993,1957331
769,11,1,1775855,1775855
770,7,3,1393695,464565
770,20,1,2527754,2527754
771,4,3,1546821,515607
771,1,2,1089484,544742
771,5,2,2931662,1465831
771,10,1,1389870,1389870
772,3,3,5021727,1673909
772,9,2,1048508,524254
773,6,3,6247464,2082488
774,16,3,2217234,739078
774,9,1,2535440,2535440
774,15,2,632126,316063
775,10,3,2072997,690999
775,13,2,3376372,1688186
775,14,3,8309688,2769896
776,12,3,6113469,2037823
776,3,2,657988,328994
776,14,3,8551719,2850573
777,8,3,7506501,2502167
778,5,1,1369118,1369118
779,6,1,1778325,1778325
779,19,2,5913240,2956620
779,13,1,1613551,1613551
779,3,2,4229968,2114984
780,15,2,3933226,1966613
780,4,1,1834098,1834098
780,3,2,840826,420413
780,6,2,3172456,1586228
780,20,3,6569007,2189669
781,16,2,4113282,2056641
781,4,1,2436236,2436236
782,16,3,3136074,1045358
782,5,2,5066462,2533231
783,20,2,823450,411725
784,14,1,1037065,1037065
784,16,1,1923856,1923856
784,7,2,2414526,1207263
785,3,1,1298842,1298842
785,5,2,985424,492712
786,15,1,2958692,2958692
786,14,2,1844160,922080
786,17,1,537726,537726
787,11,2,3815674,1907837
787,10,2,4288778,2144389
787,6,3,2471937,823979
787,7,3,5946012,1982004
788,19,3,7963617,2654539
788,13,1,476353,476353
788,1,3,8854911,2951637
789,20,1,2073755,2073755
789,5,1,2244826,2244826
789,11,2,1253002,626501
789,19,3,5563527,1854509
789,1,2,4667878,2333939
790,15,1,2810417,2810417
791,21,1,937090,937090
791,19,2,4880902,2440451
791,4,1,2670539,2670539
791,2,2,2113090,1056545
792,7,1,1702967,1702967
792,21,2,435822,217911
792,19,2,2875012,1437506
793,4,2,3254560,1627280
793,16,3,5808420,1936140
793,15,3,4675674,1558558
793,14,1,887416,887416
793,18,2,3893542,1946771
794,6,3,5934591,1978197
794,18,2,2690986,1345493
794,21,3,5954943,1984981
795,20,1,525968,525968
795,4,3,656691,218897
795,3,3,5625093,1875031
796,16,3,8299542,2766514
797,4,2,2077302,1038651
797,15,1,2056855,2056855
797,17,3,5245092,1748364
797,2,1,970239,970239
797,10,2,1343882,671941
798,15,1,1721369,1721369
798,14,1,2278864,2278864
798,13,2,2544868,1272434
799,10,1,1888776,1888776
799,14,1,215137,215137
799,8,1,793302,793302
800,17,2,1729508,864754
800,20,3,5860899,1953633
800,11,1,2480940,2480940
801,7,3,5849358,1949786
801,20,1,2818724,2818724
801,13,2,1757246,878623
801,2,2,2968624,1484312
802,6,3,1939473,646491
802,14,3,7709505,2569835
802,8,2,5562326,2781163
802,4,2,4938106,2469053
802,5,1,1502263,1502263
803,3,1,1984676,1984676
803,21,1,2787773,2787773
804,5,1,697558,697558
804,1,2,5622262,2811131
804,18,3,4956207,1652069
804,3,1,1155466,1155466
804,13,3,3240324,1080108
805,7,3,5207685,1735895
805,18,2,5830254,2915127
805,8,1,1303286,1303286
806,5,3,741177,247059
807,4,1,1334735,1334735
807,21,2,1815214,907607
807,15,1,474561,474561
807,20,2,3331620,1665810
807,18,1,1789134,1789134
808,16,1,1885372,1885372
809,16,3,1410234,470078
810,14,2,5614616,2807308
810,13,2,1651434,825717
811,10,1,2916841,2916841
811,1,3,8392500,2797500
812,2,3,7999656,2666552
812,4,3,513096,171032
812,11,1,2338372,2338372
812,12,3,3652362,1217454
812,16,1,958851,958851
813,1,1,1057255,1057255
813,18,2,1262914,631457
813,21,1,273721,273721
813,17,2,1462366,731183
813,20,1,499984,499984
814,9,2,1971324,985662
814,21,1,1611938,1611938
815,21,3,5482434,1827478
815,10,1,1198966,1198966
815,15,1,979953,979953
815,16,3,3986838,1328946
815,14,2,1163142,581571
816,19,2,4042642,2021321
816,10,2,5302376,2651188
816,6,3,3868449,1289483
816,7,2,5525354,2762677
816,16,1,2697182,2697182
817,14,2,5607458,2803729
817,7,1,2034934,2034934
817,19,1,291599,291599
817,12,3,3634275,1211425
818,14,1,630876,630876
818,10,1,1503422,1503422
818,17,2,1859566,929783
818,12,2,2357876,1178938
818,13,1,1052547,1052547
819,12,1,190403,190403
819,5,2,391444,195722
819,11,3,4588134,1529378
820,15,2,2251598,1125799
820,19,3,1283430,427810
821,10,1,581678,581678
821,20,3,3948657,1316219
821,7,3,8099205,2699735
821,17,3,1391505,463835
822,21,1,976794,976794
822,14,1,2221710,2221710
822,20,2,692518,346259
822,11,2,3833594,1916797
822,18,1,670482,670482
823,6,1,2567654,2567654
823,20,1,1345531,1345531
823,11,1,2849733,2849733
823,13,3,508470,169490
824,10,3,7087656,2362552
824,5,1,1565115,1565115
824,13,3,654750,218250
824,2,1,2120875,2120875
825,14,3,4237434,1412478
826,11,1,2483921,2483921
826,12,2,4442450,2221225
826,13,3,1042311,347437
827,10,2,5483966,2741983
827,15,1,272843,272843
827,16,1,350631,350631
827,4,1,731894,731894
828,11,3,5932152,1977384
829,6,1,1697192,1697192
829,3,3,512175,170725
830,9,1,614743,614743
831,10,1,1256151,1256151
832,20,3,2593353,864451
832,13,1,2597180,2597180
832,9,2,1305806,652903
833,11,3,5650440,1883480
833,5,3,6071790,2023930
834,17,3,3476484,1158828
835,16,1,535034,535034
835,21,2,2784992,1392496
835,9,3,1491792,497264
835,11,2,4985164,2492582
835,20,1,2916062,2916062
836,3,2,805554,402777
836,21,1,205063,205063
837,15,1,2195333,2195333
837,13,1,1577951,1577951
838,19,3,4392969,1464323
838,17,2,4108612,2054306
839,17,1,1067650,1067650
839,4,2,3534442,1767221
840,20,1,437894,437894
840,17,2,3849168,1924584
840,7,1,1438266,1438266
840,13,3,8608545,2869515
841,5,2,1199034,599517
842,8,1,2082931,2082931
843,9,2,5852298,2926149
843,1,3,6145539,2048513
844,9,1,1636573,1636573
844,4,2,2078938,1039469
844,18,1,1814836,1814836
845,14,2,3401944,1700972
845,17,1,356084,356084
845,11,3,5263245,1754415
845,2,3,5767392,1922464
845,15,1,1383150,1383150
846,13,3,3921948,1307316
846,6,3,8093466,2697822
847,17,3,3582441,1194147
847,14,1,1070984,1070984
847,4,1,372875,372875
847,2,1,2562691,2562691
848,8,1,1305360,1305360
848,3,1,2751394,2751394
848,18,3,5540535,1846845
849,13,2,2025580,1012790
849,4,1,1003857,1003857
849,8,2,5642696,2821348
849,9,2,5302238,2651119
850,1,3,8278059,2759353
850,4,2,2861244,1430622
850,6,3,3452526,1150842
851,11,1,935779,935779
851,3,2,4118630,2059315
852,1,2,3102248,1551124
852,16,1,894552,894552
853,3,3,4880991,1626997
853,6,2,5191890,2595945
853,1,1,2198109,2198109
854,16,1,222942,222942
854,4,3,4107330,1369110
855,17,1,764813,764813
855,21,1,569398,569398
856,11,3,4863846,1621282
856,15,3,3688080,1229360
856,16,3,6571500,2190500
857,12,2,2826094,1413047
857,15,3,4649406,1549802
857,1,3,8804259,2934753
858,16,1,1871002,1871002
858,4,1,2915585,2915585
858,9,1,1648181,1648181
858,17,2,559246,279623
858,1,1,2572563,2572563
859,12,2,5658086,2829043
859,7,1,1298920,1298920
859,3,3,8991297,2997099
859,20,3,6103116,2034372
860,6,3,5700777,1900259
860,9,2,2894790,1447395
860,12,1,322385,322385
860,11,3,6994092,2331364
860,13,3,4769391,1589797
861,4,1,184959,184959
861,14,2,1534224,767112
861,15,2,1560200,780100
861,12,3,4096296,1365432
861,10,3,7473036,2491012
862,10,2,842042,421021
862,16,2,430798,215399
863,2,1,2198357,2198357
863,7,2,342700,171350
863,10,2,3254932,1627466
863,4,3,458073,152691
864,9,1,1618921,1618921
865,17,1,1285267,1285267
865,18,1,975134,975134
865,5,2,5209220,2604610
866,10,1,284791,284791
867,12,2,1123246,561623
867,8,2,2833548,1416774
867,13,3,4359960,1453320
867,14,1,2515199,2515199
868,11,2,1438256,719128
868,19,2,4949668,2474834
868,5,1,1412746,1412746
868,7,2,1018046,509023
869,19,1,1726915,1726915
869,15,2,1105660,552830
869,18,1,2358600,2358600
870,11,2,3887548,1943774
870,17,2,3827456,1913728
870,12,2,4169530,2084765
870,15,1,2494234,2494234
871,14,1,739658,739658
872,10,1,2754200,2754200
872,8,3,7566573,2522191
872,19,2,749092,374546
872,17,2,1356426,678213
872,12,2,5921032,2960516
873,15,3,6240915,2080305
874,3,1,1283195,1283195
875,11,3,1675563,558521
876,19,1,659367,659367
876,16,3,7806189,2602063
876,11,3,6877614,2292538
877,7,3,2263848,754616
878,16,3,4361910,1453970
878,5,3,531168,177056
878,8,2,5531672,2765836
878,20,3,2975388,991796
878,10,1,431614,431614
879,5,3,1972965,657655
880,4,1,2271497,2271497
880,8,2,3577544,1788772
880,7,1,660914,660914
880,21,2,3693672,1846836
880,16,2,1843872,921936
881,18,3,5975532,1991844
881,9,3,8215650,2738550
882,14,1,2818404,2818404
883,6,1,2907609,2907609
884,6,3,7328838,2442946
884,17,1,2147153,2147153
885,10,2,5901070,2950535
885,21,2,3581532,1790766
885,4,2,1200398,600199
885,16,2,3797180,1898590
886,5,1,2516464,2516464
886,1,2,392438,196219
886,10,3,4259622,1419874
886,15,1,2855783,2855783
887,15,3,6217377,2072459
887,2,2,376504,188252
887,12,1,1650502,1650502
887,5,3,6781791,2260597
887,21,1,1613116,1613116
888,13,2,5802368,2901184
888,17,3,7536036,2512012
888,3,2,4154412,2077206
888,6,3,2212101,737367
888,5,2,5823428,2911714
889,13,2,4257344,2128672
889,3,3,8741784,2913928
889,16,1,2566082,2566082
890,17,3,8219631,2739877
890,9,2,866818,433409
890,5,1,273823,273823
890,11,3,2452941,817647
890,12,1,554919,554919
891,16,3,6444660,2148220
892,8,1,1760962,1760962
892,21,2,839972,419986
892,4,1,2716509,2716509
893,4,2,3440040,1720020
893,2,3,8393517,2797839
893,3,1,880090,880090
894,4,1,2823431,2823431
894,15,3,7451988,2483996
894,13,1,970900,970900
895,16,1,993863,993863
895,15,3,2489556,829852
895,10,2,4733626,2366813
896,3,1,2788702,2788702
896,19,3,1660551,553517
897,2,1,1658108,1658108
897,5,2,5067204,2533602
898,3,1,1020212,1020212
898,11,3,6410937,2136979
898,6,3,4880517,1626839
898,17,2,5488176,2744088
898,16,3,2184849,728283
899,15,2,5546828,2773414
900,3,3,4202562,1400854
900,19,1,644623,644623
900,21,2,2234190,1117095
900,5,1,2672830,2672830
901,11,2,3302326,1651163
901,1,1,812125,812125
901,8,2,927274,463637
901,10,3,7689651,2563217
901,9,1,2321641,2321641
902,17,3,6376281,2125427
902,10,2,5779706,2889853
902,13,1,285370,285370
902,2,2,3835006,1917503
902,4,2,1982010,991005
903,2,3,4597443,1532481
903,5,3,1234272,411424
903,7,1,2220120,2220120
904,19,3,894957,298319
905,3,3,6474339,2158113
905,14,1,1284594,1284594
905,21,3,975222,325074
906,2,2,4558092,2279046
907,21,2,4306336,2153168
907,12,2,2210548,1105274
908,2,1,972814,972814
909,20,1,1773719,1773719
909,13,2,1350566,675283
909,1,2,3880538,1940269
909,18,3,2183553,727851
909,16,1,1986907,1986907
910,20,2,3251020,1625510
911,11,1,1148958,1148958
911,14,1,535837,535837
912,1,1,1198250,1198250
912,8,1,471332,471332
912,14,1,681484,681484
912,18,2,1814926,907463
912,2,2,666744,333372
913,12,2,1388138,694069
913,20,3,5455716,1818572
913,8,2,5816204,2908102
914,3,1,1199410,1199410
915,7,3,4259085,1419695
915,16,2,4925526,2462763
915,12,2,5783162,2891581
915,8,1,2359744,2359744
915,15,2,2974782,1487391
916,17,3,8274957,2758319
916,4,2,2646996,1323498
916,2,1,1003771,1003771
916,12,1,2335211,2335211
916,14,1,1429007,1429007
917,7,1,1996657,1996657
917,4,3,6159657,2053219
917,12,1,239295,239295
917,5,2,583166,291583
917,2,2,2631758,1315879
918,13,3,5281035,1760345
918,10,2,458112,229056
918,3,2,3526788,1763394
918,2,2,672584,336292
918,9,1,1012894,1012894
919,6,3,4289649,1429883
919,14,1,2421421,2421421
919,18,2,518036,259018
919,2,3,4680603,1560201
920,19,2,5513774,2756887
920,7,2,3886542,1943271
920,1,3,1168716,389572
921,18,2,5987220,2993610
922,18,3,7600905,2533635
922,15,3,3722823,1240941
922,14,1,1749250,1749250
923,8,3,3902658,1300886
923,5,1,1198293,1198293
923,1,3,4172337,1390779
923,9,2,5090588,2545294
924,2,2,5830020,2915010
924,20,2,5778020,2889010
924,9,3,605262,201754
924,12,1,1437211,1437211
925,11,1,1995113,1995113
925,9,1,2106389,2106389
925,6,1,1654596,1654596
925,15,2,5649776,2824888
925,18,3,3191091,1063697
926,2,3,7388820,2462940
926,19,2,837234,418617
926,3,2,1808304,904152
926,9,2,2616466,1308233
927,16,3,2645658,881886
927,5,1,2741867,2741867
927,8,3,1073856,357952
928,4,1,2275334,2275334
928,2,2,5164474,2582237
929,2,1,1236554,1236554
929,18,2,435208,217604
929,8,3,4895982,1631994
930,2,1,2276251,2276251
930,20,2,1249444,624722
930,8,3,1424547,474849
930,12,1,1005813,1005813
930,4,2,5084574,2542287
931,14,2,1500236,750118
931,3,1,1519610,1519610
931,21,3,4983456,1661152
932,14,2,5517012,2758506
932,12,1,822400,822400
932,16,2,674220,337110
933,5,1,2704491,2704491
933,19,1,1463260,1463260
933,1,3,6844410,2281470
934,12,2,5745984,2872992
934,7,1,474267,474267
934,13,1,2521469,2521469
934,2,3,7678116,2559372
934,5,3,7348365,2449455
935,18,3,6393276,2131092
935,4,3,7049082,2349694
935,17,3,5999283,1999761
935,2,2,2558068,1279034
936,19,1,1528602,1528602
936,10,1,1668191,1668191
937,15,3,1902279,634093
937,11,3,3483066,1161022
938,14,3,6812466,2270822
938,12,1,1669583,1669583
938,3,3,6542073,2180691
938,20,3,3348471,1116157
939,14,3,3532107,1177369
939,8,2,5954802,2977401
939,19,3,8828994,2942998
939,5,1,2689842,2689842
940,10,1,491860,491860
940,11,2,3831792,1915896
940,20,3,2317284,772428
941,16,1,656625,656625
941,7,2,2509358,1254679
941,6,3,6362208,2120736
941,15,3,1720815,573605
941,1,1,292923,292923
942,1,3,7110255,2370085
942,6,2,3843000,1921500
942,3,2,1369152,684576
942,5,2,4971956,2485978
943,10,2,3123944,1561972
943,4,3,8109939,2703313
944,4,2,5591802,2795901
944,2,2,3954832,1977416
944,3,2,4302254,2151127
944,12,3,2143728,714576
944,15,3,2758344,919448
945,17,3,8621400,2873800
945,3,2,3482424,1741212
945,5,2,3979134,1989567
945,1,1,2283504,2283504
945,12,3,7849767,2616589
946,4,2,3161498,1580749
946,8,1,2516138,2516138
946,10,3,7058463,2352821
947,17,2,1796660,898330
947,14,1,325885,325885
947,10,3,3100974,1033658
947,11,2,4654818,2327409
947,13,2,5124604,2562302
948,11,1,1357301,1357301
948,4,2,4382196,2191098
948,12,2,2175972,1087986
948,10,1,1359967,1359967
948,6,2,5384924,2692462
949,8,3,3955959,1318653
950,4,3,6850902,2283634
950,7,1,264714,264714
951,2,2,516234,258117
951,18,2,2004068,1002034
951,20,2,5091280,2545640
951,7,2,4031458,2015729
951,1,3,2037693,679231
952,10,2,4437726,2218863
952,4,2,1028666,514333
952,20,1,1317917,1317917
952,15,3,8864388,2954796
953,12,1,1082988,1082988
954,11,1,2276764,2276764
955,9,3,1382247,460749
955,15,3,4411224,1470408
955,17,1,1967717,1967717
956,17,2,1897178,948589
957,21,3,5183805,1727935
957,2,1,2974224,2974224
957,1,1,1262690,1262690
957,8,2,1570312,785156
957,5,2,1869548,934774
958,10,3,3145122,1048374
958,5,1,1971665,1971665
958,7,1,2208107,2208107
958,3,3,8140890,2713630
959,6,2,2506822,1253411
959,2,3,5235156,1745052
960,8,2,2245262,1122631
960,12,2,5903386,2951693
960,16,2,4412278,2206139
960,17,3,5385144,1795048
960,6,3,4943706,1647902
961,16,2,3819808,1909904
961,10,2,3029628,1514814
961,4,1,2928383,2928383
961,8,2,1271560,635780
961,19,1,2099243,2099243
962,4,3,2061339,687113
962,12,2,4403492,2201746
962,13,3,5634195,1878065
963,1,2,4557112,2278556
963,10,1,1865494,1865494
964,18,2,2494502,1247251
965,14,2,3644366,1822183
965,13,2,758296,379148
965,15,2,4372714,2186357
966,11,2,4055044,2027522
966,2,2,2156482,1078241
967,6,1,2687391,2687391
967,18,3,700650,233550
967,7,3,715722,238574
967,4,2,1057094,528547
967,11,3,4643733,1547911
968,18,3,3098241,1032747
968,3,2,4791870,2395935
968,2,1,808475,808475
969,13,2,3767810,1883905
969,8,1,2469245,2469245
969,10,3,3579417,1193139
969,6,1,301309,301309
969,12,1,2358533,2358533
970,17,2,4367634,2183817
971,6,2,2828882,1414441
972,8,3,3561864,1187288
973,9,3,2005785,668595
974,21,1,470977,470977
974,13,1,2266066,2266066
974,5,3,5676690,1892230
974,9,1,211831,211831
975,20,3,4378254,1459418
975,5,2,3866438,1933219
975,4,3,744840,248280
975,13,2,2598894,1299447
975,7,2,2000090,1000045
976,9,3,7700286,2566762
977,13,1,1854274,1854274
977,10,3,3955068,1318356
977,14,2,2685912,1342956
977,3,3,7159257,2386419
978,8,2,4885056,2442528
978,13,3,1812783,604261
978,1,2,2179558,1089779
978,16,3,763212,254404
978,20,2,2247126,1123563
979,12,3,4358376,1452792
979,16,2,1506040,753020
979,19,3,1502364,500788
979,4,1,2502523,2502523
980,7,3,3595338,1198446
980,16,1,742783,742783
981,20,1,2219544,2219544
981,16,2,3754920,1877460
981,17,2,3134246,1567123
981,8,1,303132,303132
982,19,1,1274681,1274681
982,20,3,3082647,1027549
982,14,3,6599607,2199869
983,16,3,6527499,2175833
983,11,3,7431090,2477030
983,8,3,1474680,491560
983,20,1,1935523,1935523
983,15,3,1425231,475077
984,5,3,1978542,659514
984,1,1,977819,977819
984,6,2,1253486,626743
984,17,1,1929149,1929149
985,6,3,7333923,2444641
985,17,2,3650456,1825228
985,16,1,1394664,1394664
985,5,1,1976532,1976532
986,9,3,5126208,1708736
986,17,3,8631669,2877223
986,11,1,743567,743567
987,17,3,8056593,2685531
987,7,2,4260346,2130173
987,12,2,2066784,1033392
988,5,3,6412668,2137556
988,6,1,1482480,1482480
988,17,2,1803454,901727
989,16,1,1457953,1457953
989,3,3,2811489,937163
990,4,2,3076922,1538461
990,18,1,406304,406304
991,15,3,7485810,2495270
991,20,1,1596856,1596856
991,6,3,627789,209263
991,3,1,1301674,1301674
991,12,2,3874936,1937468
992,10,1,2635708,2635708
992,12,1,581913,581913
992,13,3,3173463,1057821
992,9,2,1795900,897950
992,7,2,5028320,2514160
993,5,3,7840158,2613386
994,11,3,8199654,2733218
994,19,3,6406836,2135612
994,20,1,855059,855059
994,9,1,1122369,1122369
995,3,1,751183,751183
995,20,1,2144240,2144240
996,11,1,368897,368897
997,17,2,5877100,2938550
997,15,2,3043824,1521912
998,17,3,5398188,1799396
998,4,2,3534058,1767029
998,8,3,6420312,2140104
999,10,3,1433979,477993
999,17,3,3141474,1047158
999,11,1,2808223,2808223
1000,5,2,4411202,2205601
1000,14,3,3602508,1200836
1000,18,3,1962966,654322